name,position,playerScore,generations,total
Research,2.3423423423423424,83.24324324324324,8.183558558558559,888
Mars University,2.3179723502304146,85.01728110599079,8.131336405529954,868
Lagrange Observatory,2.421602787456446,83.73867595818815,8.234610917537747,861
Olympus Conference,2.417927823050058,84.17229336437718,8.213038416763679,859
Research Outpost,2.2677532013969732,84.91268917345751,8.215366705471478,859
Technology Demonstration,2.4243845252051583,82.68933177022274,8.227432590855804,853
Solar Wind Power,2.3188235294117647,83.57882352941176,8.229411764705882,850
Space Station,2.3949579831932772,83.24369747899159,8.193277310924369,833
Earth Catapult,2.2644927536231885,86.45893719806763,8.218599033816425,828
Trans-Neptune Probe,2.416361416361416,82.65079365079364,8.217338217338217,819
Earth Office,2.354957160342717,83.9547123623011,8.141982864137088,817
Advanced Alloys,2.3316892725030827,84.980271270037,8.242909987669544,811
Invention Contest,2.428390367553866,81.86438529784537,8.11787072243346,789
Miranda Resort,2.350383631713555,84.09718670076727,8.248081841432224,782
Rover Construction,2.357142857142857,83.24805194805195,8.222077922077922,770
Vesta Shipyard,2.4661458333333335,82.74479166666667,8.264322916666666,768
Investment Loan,2.3333333333333335,82.56036745406824,8.082677165354331,762
Gene Repair,2.362796833773087,84.51583113456465,8.29419525065963,758
Viral Enhancers,2.2002706359945874,85.78619756427605,8.069012178619756,739
Atalanta Planitia Lab,2.2740841248303933,85.7910447761194,7.921302578018996,737
SF Memorial,2.4314789687924017,83.01899592944369,8.191316146540027,737
Business Contacts,2.3519021739130435,84.4008152173913,8.169836956521738,736
Sponsored Academies,2.3424283765347886,85.4106412005457,7.980900409276944,733
Greenhouses,2.2158469945355193,85.25956284153006,8.142076502732241,732
Orbital Cleanup,2.281767955801105,86.41160220994475,7.9792817679558015,724
Toll Station,2.316901408450704,83.59577464788732,8.290140845070422,710
Large Convoy,2.231534090909091,87.63210227272727,8.255681818181818,704
Pets,2.2763532763532766,85.63105413105413,8.18945868945869,702
Cutting Edge Technology,2.235632183908046,86.10344827586206,7.995689655172414,696
Sub-Crust Measurements,2.358273381294964,84.92517985611511,8.002877697841727,695
AI Central,2.38728323699422,85.07947976878613,8.323699421965317,692
Mineral Deposit,2.407246376811594,83.07246376811594,8.131884057971014,690
Medical Lab,2.4034833091436867,84.16690856313498,8.39622641509434,689
Sky Docks,2.3255813953488373,85.52616279069767,7.902616279069767,688
Ganymede Colony,2.245639534883721,87.26162790697674,8.337209302325581,688
Media Group,2.3362573099415203,83.85964912280701,8.090643274853802,684
Research Colony,2.323485967503693,85.14475627769572,7.852289512555392,677
Imported Hydrogen,2.218611521418021,86.17872968980798,8.187592319054653,677
Shuttles,2.4056463595839523,85.04457652303121,8.295690936106984,673
Imported Nitrogen,2.189269746646796,87.83159463487333,8.19672131147541,671
Sponsors,2.5761689291101058,78.8763197586727,8.40422322775264,663
Immigrant City,2.4274924471299095,82.47280966767372,8.338368580060424,662
Business Network,2.462121212121212,83.46666666666667,8.192424242424243,660
Topsoil Contract,2.256838905775076,85.74924012158054,7.814589665653496,658
Media Archives,2.374429223744292,84.71080669710807,8.149162861491629,657
Noctis Farming,2.2580152671755727,84.8824427480916,8.222900763358778,655
Mercurian Alloys,2.3577981651376145,84.60244648318043,8.039755351681958,654
Mass Converter,2.2027863777089784,88.08204334365325,8.179566563467493,646
Phobos Space Haven,2.393798449612403,83.3937984496124,8.424806201550387,645
Research Coordination,2.4354587869362363,83.98444790046656,8.213063763608087,643
Satellites,2.456386292834891,82.87383177570094,8.313084112149532,642
Dusk Laser Mining,2.3589341692789967,85.93260188087774,7.967084639498433,638
Callisto Penal Mines,2.4207221350078494,83.861852433281,8.423861852433282,637
Luna Metropolis,2.374407582938389,84.95892575039494,7.995260663507109,633
Quantum Extractor,2.2832278481012658,87.20886075949367,8.268987341772151,632
Cartel,2.3734177215189876,84.38132911392405,8.283227848101266,632
Breathing Filters,2.397781299524564,84.57052297939778,8.33122028526149,631
Asteroid Rights,2.323248407643312,83.70222929936305,7.949044585987261,628
Indentured Workers,2.483974358974359,80.13782051282051,8.113782051282051,624
Development Center,2.43338683788122,84.10433386837882,8.39486356340289,623
Asteroid Mining,2.4138486312399356,86.37359098228663,8.351046698872786,621
Red Spot Observatory,2.3059581320450886,88.18035426731079,7.948470209339774,621
Molecular Printing,2.2769726247987117,86.66344605475041,7.898550724637682,621
Standard Technology,2.382258064516129,82.64838709677419,8.230645161290322,620
Titanium Mine,2.4464285714285716,80.3262987012987,8.349025974025974,616
Io Mining Industries,2.3121951219512193,86.75934959349594,8.286178861788619,615
Venus Waystation,2.3420195439739415,84.72475570032573,7.962540716612378,614
Anti-Gravity Technology,2.099673202614379,91.4673202614379,8.218954248366012,612
Rad-chem Factory,2.3934426229508197,84.94426229508197,8.459016393442623,610
Space Elevator,2.3464696223316914,84.8456486042693,8.35303776683087,609
Acquired Company,2.5469522240527183,80.55518945634267,8.454695222405272,607
Kelp Farming,2.2475247524752477,85.20132013201321,8.006600660066006,606
Spin-off Department,2.3255813953488373,85.81893687707641,7.8455149501661126,602
Interplanetary Colony Ship,2.401666666666667,84.29,7.803333333333334,600
Saturn Surfing,2.28881469115192,86.53422370617696,7.948247078464107,599
Terraforming Ganymede,2.107202680067002,91.81574539363484,8.433835845896148,597
Power Plant,2.464765100671141,81.32046979865771,8.389261744966444,596
Jovian Embassy,2.4100840336134453,85.02016806722689,8.149579831932773,595
Advanced Ecosystems,2.1747899159663864,88.08235294117647,8.173109243697478,595
Minority Refuge,2.367003367003367,84.25589225589225,7.8047138047138045,594
Decomposers,2.228956228956229,86.77104377104376,8.047138047138047,594
Penguins,2.284991568296796,86.13322091062395,7.961214165261382,593
Stanford Torus,2.4662162162162162,83.9695945945946,8.06081081081081,592
Hired Raiders,2.363175675675676,81.73986486486487,8.244932432432432,592
Extremophiles,2.2864406779661017,85.77796610169491,7.849152542372881,590
Inventors Guild,2.4940374787052813,81.99148211243612,8.293015332197616,587
Plantation,2.3747870528109027,82.77172061328791,8.126064735945485,587
Warp Drive,2.3225255972696246,87.58703071672355,7.890784982935154,586
Space Hotels,2.4366438356164384,83.77739726027397,8.335616438356164,584
Project Inspection,2.4339622641509435,83.4991423670669,8.005145797598628,583
Lightning Harvest,2.3567753001715266,83.87650085763293,8.415094339622641,583
Io Sulphur Research,2.245704467353952,87.90034364261169,8.109965635738831,582
Convoy From Europa,2.3941480206540446,81.81755593803787,8.087779690189329,581
Noctis City,2.4362068965517243,81.29827586206896,8.339655172413794,580
Asteroid Mining Consortium,2.317157712305026,86.5424610051993,8.45580589254766,577
Water Import From Europa,2.222608695652174,89.13217391304347,8.326956521739131,575
Cryo Sleep,2.4111498257839723,85.3048780487805,7.937282229965157,574
Solar Probe,2.2909407665505226,88.32229965156795,7.939024390243903,574
Sulphur-Eating Bacteria,2.2600349040139616,86.4258289703316,7.895287958115183,573
Meat Industry,2.3221830985915495,85.52288732394366,7.857394366197183,568
Aerial Mappers,2.3838028169014085,86.26584507042253,8.084507042253522,568
Protected Valley,2.384479717813051,82.00352733686067,8.239858906525573,567
Robotic Workforce,2.477031802120141,82.8286219081272,8.452296819787986,566
Immigration Shuttles,2.4174067495559504,83.6785079928952,8.563055062166963,563
Rad-Suits,2.5587188612099645,81.72241992882562,8.551601423487545,562
Asteroid,2.3482142857142856,82.69821428571429,8.151785714285714,560
Space Port Colony,2.2450805008944545,89.77996422182468,7.978533094812165,559
Eos Chasma National Park,2.252688172043011,87.084229390681,8.25268817204301,558
Mangrove,2.149012567324955,86.07360861759426,7.983842010771993,557
Ants,2.3579136690647484,85.17625899280576,8.248201438848922,556
Trading Colony,2.394213381555154,85.05605786618445,7.936708860759493,553
Artificial Photosynthesis,2.439201451905626,82.32123411978222,8.361161524500908,551
Solarnet,2.367272727272727,86.53454545454545,8.034545454545455,550
Big Asteroid,2.261510128913444,82.29650092081032,7.961325966850829,543
House Printing,2.460405156537753,82.03867403314918,8.276243093922652,543
Conscription,2.3505535055350553,85.62546125461255,7.8597785977859775,542
Imported GHG,2.4861367837338264,79.6746765249538,8.264325323475045,541
Interstellar Colony Ship,2.243992606284658,87.94824399260628,8.404805914972274,541
Optimal Aerobraking,2.2374768089053805,85.26159554730984,8.076066790352504,539
Fish,2.335195530726257,84.62569832402235,8.381750465549349,537
CEO's Favorite Project,2.3054003724394785,85.73556797020484,8.20856610800745,537
Search For Life,2.4888059701492535,81.17537313432835,8.263059701492537,536
Industrial Microbes,2.43609022556391,80.08082706766918,8.30451127819549,532
Sister Planet Support,2.3684210526315788,84.44736842105263,7.922932330827067,532
Windmills,2.3691148775894537,82.86440677966101,8.256120527306967,531
Imported Nutrients,2.2358490566037736,85.43773584905661,7.815094339622641,530
Rego Plastics,2.424474187380497,83.01529636711281,8.04397705544933,523
Solar Power,2.529750479846449,82.14203454894434,8.420345489443378,521
Deep Well Heating,2.401151631477927,80.72168905950096,8.27447216890595,521
Wave Power,2.4326923076923075,82.62884615384615,8.301923076923076,520
Bactoviral Research,2.171153846153846,91.10576923076923,7.986538461538461,520
Field-Capped City,2.33140655105973,84.7514450867052,7.9152215799614645,519
Atmoscoop,2.2084942084942085,88.04054054054055,8.044401544401545,518
Mine,2.5366795366795367,80.23359073359073,8.492277992277993,518
Venusian Insects,2.2627450980392156,88.4078431372549,8.027450980392157,510
Urbanized Area,2.4529411764705884,84.61764705882354,8.694117647058823,510
Release of Inert Gases,2.4732673267326732,81.36039603960396,8.594059405940595,505
Dawn City,2.3273809523809526,87.52579365079364,8.03968253968254,504
Energy Market,2.2485089463220675,86.77733598409543,7.813121272365805,503
Adaptation Technology,2.434,86.278,8.594,500
Geothermal Power,2.66,78.116,8.42,500
Titan Shuttles,2.3473895582329316,86.76706827309236,7.967871485943775,498
Mining Colony,2.391919191919192,84.0929292929293,7.925252525252525,495
Advertising,2.459349593495935,83.8130081300813,8.126016260162602,492
Giant Space Mirror,2.610204081632653,78.23673469387755,8.33265306122449,490
Grass,2.3967280163599183,83.52556237218813,8.177914110429448,489
Birds,2.314928425357873,85.12269938650307,8.384458077709612,489
Venusian Animals,2.1707818930041154,92.13168724279835,8.084362139917696,486
Tectonic Stress Power,2.42798353909465,84.49588477366255,8.452674897119342,486
Towing A Comet,2.3078512396694215,79.93801652892562,7.900826446280992,484
Protected Habitats,2.25879917184265,86.10766045548654,8.486542443064183,483
Farming,2.180873180873181,86.51559251559252,8.264033264033264,481
Colonizer Training Camp,2.470833333333333,83.03958333333334,8.377083333333333,480
Fusion Power,2.6096033402922756,80.91022964509395,8.534446764091857,479
Peroxide Power,2.5156576200417535,81.08977035490605,8.423799582463465,479
Deimos Down:promo,2.2656903765690375,83.90794979079497,7.7719665271966525,478
Floating Habs,2.401673640167364,86.7887029288703,8.117154811715482,478
Rim Freighters,2.4644351464435146,84.10041841004184,8.0418410041841,478
Electro Catapult,2.4159663865546217,82.22268907563026,8.27310924369748,476
Bushes,2.3192389006342493,84.80972515856237,8.12262156448203,473
Algae,2.2135306553911205,84.13319238900634,8.052854122621564,473
Luna Governor,2.3524416135881103,86.5732484076433,8.023354564755838,471
Martian Survey,2.4712153518123667,82.6588486140725,8.238805970149254,469
Fuel Factory,2.5309168443496803,80.28997867803838,8.471215351812367,469
Fueled Generators,2.507494646680942,80.70663811563169,8.276231263383298,467
Lunar Exports,2.49247311827957,82.33118279569892,7.93763440860215,465
Methane From Titan,2.25,85.99137931034483,8.40301724137931,464
Virus,2.2332613390928726,86.82505399568035,8.213822894168466,463
Nuclear Power,2.5658747300215983,80.74730021598272,8.250539956803456,463
Floater Prototypes,2.3774403470715835,87.81344902386117,7.945770065075922,461
Nitrogen from Titan,2.3232104121475055,88.29934924078091,8.026030368763557,461
Quantum Communications,2.366013071895425,88.63398692810458,8.117647058823529,459
Jupiter Floating Station,2.2231947483588623,89.76148796498906,8.067833698030634,457
Hi-Tech Lab,2.413566739606127,84.78336980306345,8.113785557986871,457
Great Dam:promo,2.4166666666666665,82.00219298245614,7.918859649122807,456
Trees,2.2785087719298245,85.99780701754386,8.228070175438596,456
Galilean Waystation,2.4649122807017543,87.05701754385964,8.094298245614034,456
Omnicourt,2.2847682119205297,88.39293598233995,8.20971302428256,453
Venus Governor,2.384105960264901,85.70860927152317,8.024282560706402,453
Cupola City,2.4812362030905075,81.10816777041943,8.362030905077262,453
Pioneer Settlement,2.4644444444444447,83.55333333333333,7.84,450
Interplanetary Trade,2.402222222222222,84.92,8.264444444444445,450
Predators,2.450892857142857,84.93973214285714,8.383928571428571,448
Small Animals,2.3370535714285716,86.25669642857143,8.497767857142858,448
Ice Moon Colony,2.3685393258426966,83.90337078651686,7.757303370786516,445
Heavy Taxation,2.50561797752809,81.93258426966293,7.885393258426967,445
Giant Ice Asteroid,2.157303370786517,81.37528089887641,7.885393258426967,445
Bribed Committee,2.4977272727272726,80.35227272727273,8.440909090909091,440
Heather,2.3972602739726026,82.18721461187215,8.191780821917808,438
Corona Extractor,2.2752293577981653,88.08715596330275,8.01834862385321,436
Ishtar Mining,2.414746543778802,84.67972350230414,8.126728110599078,434
Moss,2.392609699769053,81.73210161662817,8.187066974595844,433
Ice Asteroid,2.3125,80.55787037037037,7.986111111111111,432
Comet,2.3465116279069766,79.58604651162791,7.909302325581395,430
Giant Solar Shade,2.277389277389277,85.38694638694639,8.048951048951048,429
Stratospheric Birds,2.271662763466042,90.93208430913349,8.320843091334895,427
Trade Envoys,2.4776470588235293,84.02588235294118,8.087058823529413,425
Local Heat Trapping,2.308235294117647,86.54117647058824,8.465882352941177,425
Import of Advanced GHG,2.531764705882353,79.18352941176471,8.345882352941176,425
Space Port,2.3877068557919623,86.02836879432624,8.106382978723405,423
Restricted Area,2.397163120567376,82.74231678486997,8.983451536643026,423
Martian Zoo,2.3711583924349884,87.03309692671395,7.943262411347518,423
Floater Technology,2.3142857142857145,87.72619047619048,8.016666666666667,420
Lava Tube Settlement,2.447619047619048,83.02142857142857,8.459523809523809,420
Corroder Suits,2.519047619047619,83.30952380952381,8.233333333333333,420
Earth Elevator,2.4282296650717705,86.35406698564593,8.08133971291866,418
GHG Producing Bacteria,2.3333333333333335,82.94484412470024,8.235011990407674,417
Productive Outpost,2.381294964028777,86.71223021582733,7.985611510791367,417
Mining Rights,2.404819277108434,81.71084337349397,9.028915662650602,415
Sabotage,2.4987951807228916,83.46746987951808,8.274698795180722,415
Tundra Farming,2.443099273607748,83.35351089588377,8.314769975786925,413
Lunar Mining,2.3002421307506054,86.82082324455206,7.929782082324455,413
Nitrogen-Rich Asteroid,2.2457420924574207,85.45255474452554,8.357664233576642,411
Livestock,2.3829268292682926,86.43414634146342,8.612195121951219,410
Local Shading,2.430317848410758,82.53056234718827,8.23960880195599,409
Magnetic Shield,2.326781326781327,87.08599508599508,8.216216216216216,407
Arctic Algae,2.226044226044226,84.00982800982801,8.04914004914005,407
Water to Venus,2.4207920792079207,84.07673267326733,7.967821782178218,404
Deuterium Export,2.52,82.4825,8.0675,400
Titan Floating Launch-pad,2.321608040201005,86.84422110552764,7.964824120603015,398
Potatoes,2.4748743718592965,81.84422110552764,8.190954773869347,398
Open City,2.3375314861460956,85.40806045340051,8.327455919395465,397
Nitrophilic Moss,2.395465994962217,82.96725440806046,8.256926952141058,397
Small Asteroid,2.4478371501272265,82.07124681933843,7.893129770992366,393
Asteroid Deflection System,2.4974358974358974,82.1025641025641,8.287179487179488,390
Jovian Lanterns,2.2196382428940566,91.77260981912144,8.2015503875969,387
Designed Micro-organisms,2.4196891191709846,80.68911917098445,8.215025906735752,386
Psychrophiles,2.3255208333333335,83.9609375,8.114583333333334,384
Luxury Foods,2.235602094240838,91.31675392670157,8.337696335078535,382
Physics Complex,2.52755905511811,83.77165354330708,8.83989501312336,381
Ocean Sanctuary,2.1763157894736844,85.92894736842105,7.08421052631579,380
Neutralizer Factory,2.253298153034301,87.4089709762533,8.08179419525066,379
Building Industries,2.5238095238095237,79.1058201058201,8.552910052910052,378
Symbiotic Fungus,2.380952380952381,84.29100529100529,8.272486772486772,378
Commercial District,2.560846560846561,81.64550264550265,9.214285714285714,378
Lichen,2.3430851063829787,83.91489361702128,8.284574468085106,376
Domed Crater,2.359042553191489,83.25265957446808,8.337765957446809,376
Zeppelins,2.4891891891891893,83.77567567567567,8.848648648648648,370
Regolith Eaters,2.4809782608695654,78.99184782608695,8.271739130434783,368
Mining Area,2.33879781420765,82.76502732240438,9.087431693989071,366
Comet for Venus,2.4562841530054644,83.42349726775956,8.010928961748634,366
Supported Research,2.3469945355191255,85.25956284153006,7.3497267759562845,366
Extreme-Cold Fungus,2.4328767123287673,83.48219178082192,8.158904109589042,365
GMO Contract,2.1616438356164385,87.6109589041096,7.219178082191781,365
Security Fleet,2.519230769230769,81.79945054945055,9.06043956043956,364
Nitrite Reducing Bacteria,2.3884297520661155,85.03030303030303,8.581267217630854,363
Ecology Research,2.1267217630853996,93.22038567493112,8.085399449035812,363
Lunar Beam,2.600550964187328,79.14325068870524,8.426997245179063,363
Mining Quota,2.31767955801105,88.10773480662984,8.215469613259668,362
Insects,2.188365650969529,87.11634349030471,8.074792243767313,361
Subterranean Reservoir,2.445983379501385,79.4432132963989,8.016620498614959,361
Freyja Biodomes,2.1385041551246537,94.03047091412742,8.168975069252078,361
Underground City,2.632311977715877,82.31197771587743,8.506963788300835,359
Maxwell Base,2.3128491620111733,90.24301675977654,8.418994413407821,358
Restricted Area:ares,2.38375350140056,82.50420168067227,7.081232492997199,357
Food Factory,2.6016949152542375,81.69209039548022,8.830508474576272,354
Power Supply Consortium,2.627840909090909,80.49147727272727,8.650568181818182,352
Gyropolis,2.36,86.15142857142857,8.137142857142857,350
Spin-Inducing Asteroid,2.315186246418338,83.65329512893983,7.885386819484241,349
Terraforming Contract,2.4224137931034484,84.316091954023,8.339080459770114,348
Starcore Mining,2.3265895953757227,86.23410404624278,7.315028901734104,346
Beam From A Thorium Asteroid,2.446376811594203,83.87536231884059,8.501449275362319,345
Land Claim,2.43859649122807,80.5906432748538,8.263157894736842,342
Dirigibles,2.464071856287425,83.64071856287426,8.194610778443113,334
Martian Rails,2.529940119760479,81.87125748502994,8.91317365269461,334
Air Raid,2.286144578313253,89.32831325301204,8.021084337349398,332
Space Mirrors,2.5903614457831323,81.53313253012048,8.759036144578314,332
Interplanetary Alliance,2.2713414634146343,87.9359756097561,7.2682926829268295,328
Herbivores,2.2477064220183487,88.46177370030581,8.428134556574923,327
Metallic Asteroid,2.3230769230769233,82.73230769230769,6.969230769230769,325
Tardigrades,2.4937888198757765,84.54968944099379,8.428571428571429,322
Capital,2.391304347826087,83.2639751552795,9.186335403726709,322
Industrial Center,2.514018691588785,78.28971962616822,9.074766355140186,321
Adapted Lichen,2.475,80.65,8.496875,320
Wildlife Dome,2.19375,84.725,7.1,320
Mining Rights:ares,2.310344827586207,83.75862068965517,7.0501567398119125,319
Soil Factory,2.366771159874608,82.62382445141066,8.586206896551724,319
Sulphur Exports,2.324921135646688,85.89905362776025,8.151419558359622,317
Hydrogen to Venus,2.2278481012658227,89.25,8.04746835443038,316
Strip Mine,2.56687898089172,79.04777070063695,8.42356687898089,314
Bio-Fertilizer Facility,2.2806451612903227,84.3,6.958064516129032,310
Fall of Sunrise,2.3774193548387097,81.97419354838709,7.083870967741936,310
Jovian Expedition,2.284789644012945,89.73139158576052,7.249190938511327,309
Urban Decomposers,2.313915857605178,88.7799352750809,8.01294498381877,309
Dust Seals,2.4207119741100325,82.9126213592233,8.608414239482201,309
Orbital Reflectors,2.3754045307443366,83.67313915857605,8.029126213592233,309
Crash Site Cleanup,2.3908794788273617,85.05211726384364,7.915309446254072,307
Titan Air-scrapping,2.527687296416938,86.8599348534202,8.286644951140065,307
Mohole Lake,2.244299674267101,83.90879478827361,7.973941368078176,307
Magnetic Field Dome,2.4869281045751634,83.11764705882354,8.699346405228757,306
Tropical Resort,2.552287581699346,83.97385620915033,8.764705882352942,306
Ecological Zone,2.1081967213114754,87.00983606557377,9.081967213114755,305
Atmo Collectors,2.3278688524590163,83.73114754098361,7.9049180327868855,305
Energy Tapping,2.576158940397351,78.39735099337749,8.47019867549669,302
Mining Expedition,2.362126245847176,82.05980066445183,8.401993355481727,301
Power Infrastructure,2.6633333333333336,81.71333333333334,8.433333333333334,300
Natural Preserve,2.3933333333333335,82.40333333333334,8.913333333333334,300
Corporate Stronghold,2.533557046979866,78.13087248322148,8.493288590604028,298
Waste Incinerator,2.2195945945945947,86.14527027027027,7.131756756756757,296
Market Manipulation,2.4,84.0,7.830508474576271,295
Sister Planet Sponsors,2.3661016949152542,84.55593220338983,7.16271186440678,295
Thermophiles,2.4081632653061225,85.76190476190476,7.962585034013605,294
Cow,2.249146757679181,84.21501706484642,7.3310580204778155,293
Hydrothermal Vent Archaea,2.240549828178694,84.02061855670104,7.134020618556701,291
Ocean City,2.203448275862069,86.56896551724138,7.096551724137931,290
Event Analysts,2.422145328719723,84.29065743944636,7.311418685121107,289
Venusian Plants,2.1909722222222223,92.73611111111111,8.152777777777779,288
Sub-zero Salt Fish,2.3310104529616726,86.71777003484321,8.024390243902438,287
ArchaeBacteria,2.4510489510489513,79.87412587412588,8.314685314685315,286
Airliners,2.431578947368421,87.16842105263157,8.136842105263158,285
Great Escarpment Consortium,2.3614035087719296,81.94385964912281,8.817543859649122,285
Refugee Camp,2.354609929078014,88.09219858156028,8.23758865248227,282
Cloud Seeding,2.4768683274021353,81.5017793594306,8.476868327402135,281
Nuclear Zone,2.213523131672598,83.25978647686833,8.793594306049823,281
Ecological Zone:ares,2.064516129032258,88.08602150537635,7.014336917562724,279
Solar Farm,2.3659420289855073,82.98550724637681,7.032608695652174,276
Harvest,2.1094890510948905,87.58759124087591,7.846715328467154,274
Diaspora Movement,2.1135531135531136,90.97435897435898,7.4322344322344325,273
Bio Printing Facility,2.36996336996337,87.37728937728937,8.564102564102564,273
Ansible,2.27037037037037,89.74444444444444,7.444444444444445,270
Air-Scrapping Expedition,2.3666666666666667,88.73703703703704,8.262962962962963,270
Worms,2.3444444444444446,86.9962962962963,8.274074074074074,270
PR Office,2.264925373134328,86.83582089552239,7.436567164179104,268
Marketing Experts,2.5730337078651684,79.88389513108615,7.071161048689139,267
Energy Saving,2.5568181818181817,81.60984848484848,8.981060606060606,264
Artificial Lake,2.2699619771863118,84.93536121673004,8.29657794676806,263
Stratopolis,2.5346153846153845,83.48076923076923,8.515384615384615,260
Impactor Swarm,2.2170542635658914,87.2015503875969,7.844961240310077,258
Mining Area:ares,2.3255813953488373,82.51550387596899,7.046511627906977,258
Respiration Enhance,2.237354085603113,88.23735408560312,7.45136186770428,257
Law Suit,2.57429718875502,83.50200803212851,7.895582329317269,249
Special Design,2.461847389558233,86.48192771084338,8.598393574297189,249
Industrial Center:ares,2.3198380566801617,86.26315789473684,7.149797570850202,247
Ecological Survey,2.1700404858299596,90.93117408906883,7.22672064777328,247
Flooding,2.4471544715447155,80.01626016260163,7.930894308943089,246
Mars Hot Spring,2.3950617283950617,80.09876543209876,7.061728395061729,243
Carbonate Processing,2.871900826446281,72.7892561983471,8.53305785123967,242
Community Worker,2.404166666666667,84.6625,7.395833333333333,240
Natural Preserve:ares,2.41025641025641,82.57264957264957,7.14957264957265,234
Clone Technology,2.0748898678414096,90.62114537444934,7.325991189427313,227
Lake Marineris,2.1762114537444934,86.00881057268722,8.45374449339207,227
Lava Flows:ares,2.137777777777778,79.85333333333334,6.782222222222222,225
Commercial District:ares,2.4044444444444446,85.46666666666667,7.271111111111111,225
Micro-Mills,2.6936936936936937,77.1891891891892,8.783783783783784,222
Nuclear Zone:ares,2.355855855855856,81.22522522522523,6.864864864864865,222
Capital:ares,2.3828828828828827,84.17567567567568,7.193693693693693,222
Lava Flows,2.3076923076923075,80.04072398190046,8.79185520361991,221
Permafrost Extraction,2.286363636363636,81.34545454545454,8.213636363636363,220
Biomass Combustors,2.7004608294930876,75.06451612903226,8.617511520737327,217
Equatorial Magnetizer,2.5622119815668203,84.60829493087557,9.018433179723502,217
GHG Import From Venus,2.5813953488372094,79.91162790697675,7.953488372093023,215
Forced Precipitation,2.514018691588785,84.54672897196262,8.280373831775702,214
Ocean Farm,2.1728971962616823,85.46728971962617,6.9672897196261685,214
Snow Algae,2.5308056872037916,77.8388625592417,7.947867298578199,211
GHG Factories,2.707920792079208,71.98019801980197,8.584158415841584,202
Large Ecological Reserve,1.9601990049751243,92.68656716417911,7.208955223880597,201
Energy Supply,2.39,85.355,7.215,200
Bioengineering Enclosure,2.3316582914572863,88.95477386934674,7.266331658291457,199
Community Services,2.321608040201005,91.46231155778895,8.331658291457286,199
Self-replicating Robots,2.4494949494949494,83.36363636363636,8.505050505050505,198
Black Polar Dust,2.50253807106599,76.13197969543147,7.974619289340102,197
Cultural Metropolis,2.1421319796954315,87.83248730964468,7.345177664974619,197
Electric Sheep,2.4896907216494846,85.88659793814433,7.505154639175258,194
Magnetic Field Generators:promo,2.3263157894736843,88.54736842105264,8.257894736842106,190
Aerosport Tournament,2.265957446808511,94.77127659574468,8.23936170212766,188
Venus Soils,2.424731182795699,85.46236559139786,8.123655913978494,186
Asteroid Hollowing,2.840659340659341,81.02197802197803,9.076923076923077,182
Venus Magnetizer,2.3833333333333333,87.24444444444444,8.377777777777778,180
EM Drive,2.4916201117318435,82.90502793296089,7.145251396648045,179
Mohole Area,2.539325842696629,75.86516853932584,9.01685393258427,178
Extractor Balloons,2.3707865168539324,83.51685393258427,8.280898876404494,178
Heat Trappers,2.5542857142857143,76.56,8.954285714285714,175
Public Celebrations,2.2705882352941176,86.4,7.405882352941177,170
Aerobraked Ammonia Asteroid,2.532544378698225,80.4319526627219,8.568047337278106,169
Meltworks,2.5562130177514795,84.01183431952663,8.603550295857989,169
Red Tourism Wave,2.281437125748503,89.47904191616766,7.407185628742515,167
Caretaker Contract,2.687116564417178,79.37423312883436,8.94478527607362,163
Ice Cap Melting,2.3518518518518516,79.53703703703704,8.45679012345679,162
Hackers,2.5838509316770186,75.54658385093168,9.006211180124224,161
Geological Survey,2.45,83.8125,7.16875,160
Jet Stream Microscrappers,2.503225806451613,83.03870967741935,8.432258064516128,155
Ore Processor,2.8193548387096774,74.48387096774194,8.980645161290322,155
Political Alliance,2.361842105263158,88.09868421052632,7.532894736842105,152
Directed Impactors,2.546666666666667,79.12,8.326666666666666,150
Floater Leasing,2.4315068493150687,89.4041095890411,8.554794520547945,146
Parliament Hall,2.4863013698630136,85.62328767123287,7.527397260273973,146
Urgent Terraforming Command,2.1655172413793102,85.90344827586208,7.124137931034483,145
Mohole Area:ares,2.6319444444444446,77.77083333333333,7.013888888888889,144
Martian Media Center,2.608695652173913,81.3840579710145,7.449275362318841,138
Rotator Impacts,2.5839416058394162,81.85401459854015,8.788321167883211,137
Aquifer Pumping,2.448529411764706,74.27941176470588,8.595588235294118,136
Insulation,2.562962962962963,81.92592592592592,8.881481481481481,135
Recruitment,2.253731343283582,86.1268656716418,7.432835820895522,134
Water Splitting Plant,2.5,71.86363636363636,8.780303030303031,132
Steelworks,2.5454545454545454,76.58333333333333,8.969696969696969,132
Power Grid,2.6923076923076925,77.23846153846154,8.830769230769231,130
Ironworks,2.7936507936507935,73.7936507936508,8.801587301587302,126
Solar Cosmic Rays,2.4761904761904763,82.24603174603175,7.484126984126984,126
Solar Reflectors,2.4049586776859506,78.2396694214876,7.867768595041323,121
Butterfly Effect,2.371900826446281,84.75206611570248,7.363636363636363,121
Outdoor Sports,2.3865546218487395,86.25210084033614,8.378151260504202,119
Soletta,2.878260869565217,73.02608695652174,8.295652173913043,115
Comet Aiming,2.725663716814159,77.63716814159292,8.778761061946902,113
Underground Detonations,2.860215053763441,69.21505376344086,8.956989247311828,93
Diversity Support,1.9230769230769231,99.46153846153847,8.527472527472527,91
Great Dam,2.6666666666666665,76.76190476190476,9.678571428571429,84
New Venice,2.317073170731707,85.79268292682927,6.621951219512195,82
Terraforming Control Station,2.3205128205128207,86.7051282051282,6.6923076923076925,78
Deimos Down,2.210526315789474,77.92105263157895,9.236842105263158,76
Controlled Bloom,2.3142857142857145,85.57142857142857,6.671428571428572,70
Banned Delegate,2.3857142857142857,85.1,7.214285714285714,70
Return to Abandoned Technology,2.7285714285714286,80.51428571428572,6.871428571428571,70
Secret Labs,2.2753623188405796,87.31884057971014,6.6231884057971016,69
Huygens Observatory,2.130434782608696,92.05797101449275,6.898550724637682,69
Soil Detoxification,2.393939393939394,81.37878787878788,6.636363636363637,66
Ceres Spaceport,2.421875,86.140625,6.75,64
Space Relay,2.3125,86.953125,6.59375,64
Designed Organisms,2.1746031746031744,89.42857142857143,6.73015873015873,63
Microbiology Patents,2.2419354838709675,89.61290322580645,7.016129032258065,62
Space Debris Cleaning Operation,2.3548387096774195,90.74193548387096,6.919354838709677,62
Interplanetary Transport,2.459016393442623,88.57377049180327,6.983606557377049,61
Public Sponsored Grant,2.3934426229508197,84.57377049180327,6.524590163934426,61
Sponsored Mohole,2.6166666666666667,73.31666666666666,6.966666666666667,60
Vote Of No Confidence,2.559322033898305,81.96610169491525,7.52542372881356,59
Lobby Halls,2.4827586206896552,84.34482758620689,6.603448275862069,58
Cyanobacteria,2.0,91.47368421052632,6.754385964912281,57
Magnetic Field Generators,2.482142857142857,76.80357142857143,9.553571428571429,56
Orbital Laboratories,2.4545454545454546,81.25454545454545,6.581818181818182,55
Geological Expedition,2.418181818181818,85.36363636363636,6.872727272727273,55
Nobel Labs,2.2777777777777777,91.42592592592592,6.833333333333333,54
Small Open Pit Mine,2.7358490566037736,78.81132075471699,6.90566037735849,53
Lunar Embassy,2.5384615384615383,83.84615384615384,6.788461538461538,52
Red City,2.2549019607843137,86.50980392156863,6.803921568627451,51
Luxury Estate,2.176470588235294,90.6470588235294,6.862745098039215,51
Dyson Screens,2.3137254901960786,86.68627450980392,6.7254901960784315,51
Cultivation of Venus,1.9795918367346939,96.14285714285714,6.938775510204081,49
Martian Repository,2.3191489361702127,84.95744680851064,6.8936170212765955,47
Anthozoa,2.3191489361702127,86.82978723404256,6.723404255319149,47
Cassini Station,2.3191489361702127,91.1063829787234,6.914893617021277,47
Venera Base,1.851063829787234,96.31914893617021,6.808510638297872,47
Expedition to the Surface - Venus,2.148936170212766,96.08510638297872,6.808510638297872,47
Kickstarter,2.4444444444444446,85.93333333333334,6.866666666666666,45
Floater-Urbanism,2.088888888888889,91.71111111111111,6.844444444444444,45
Martian Nature Wonders,1.9545454545454546,94.79545454545455,6.954545454545454,44
Martian Monuments,2.0232558139534884,93.97674418604652,6.72093023255814,43
Martian Dust Processing Plant,2.857142857142857,77.47619047619048,6.714285714285714,42
Coordinated Raid,2.5,80.26190476190476,6.785714285714286,42
Martian Culture,2.2439024390243905,87.97560975609755,6.926829268292683,41
Breeding Farms,2.4878048780487805,86.82926829268293,6.853658536585366,41
Rare-Earth Elements,2.3902439024390243,79.82926829268293,6.682926829268292,41
Desperate Measures,2.275,73.375,6.575,40
Power Plant:Pathfinders,2.7948717948717947,78.7948717948718,6.717948717948718,39
Terraforming Robots,2.4358974358974357,86.64102564102564,6.769230769230769,39
High Temp. Superconductors,2.3846153846153846,84.23076923076923,6.666666666666667,39
Asteroid Resources,2.236842105263158,87.86842105263158,6.7105263157894735,38
Prefabrication of Human Habitats,2.7027027027027026,82.4054054054054,7.405405405405405,37
Business Empire,2.4571428571428573,76.57142857142857,8.17142857142857,35
Pollinators,2.2857142857142856,93.05714285714286,7.057142857142857,35
Dust Storm,2.323529411764706,77.76470588235294,6.411764705882353,34
Small Comet,2.484848484848485,81.33333333333333,6.878787878787879,33
Museum of Early Colonisation,2.5625,77.90625,6.5,32
Advanced Power Grid,2.78125,81.09375,7.125,32
Cryptocurrency,2.5806451612903225,86.51612903225806,7.161290322580645,31
Lunar Steel,2.1785714285714284,90.35714285714286,7.535714285714286,28
HE3 Refinery,2.6538461538461537,90.1923076923077,7.576923076923077,26
Aerial Lenses,2.423076923076923,71.34615384615384,7.038461538461538,26
Rich Deposits,2.923076923076923,80.46153846153847,7.076923076923077,26
Research Network,2.48,81.08,7.72,25
Early Expedition,2.28,82.12,6.6,25
Flat Mars Theory,2.96,75.44,6.92,25
Private Security,2.6666666666666665,74.79166666666667,6.916666666666667,24
Small Duty Rovers,1.875,97.75,7.541666666666667,24
Data Leak,2.0416666666666665,89.625,7.166666666666667,24
Preliminary Darkside,2.4583333333333335,91.79166666666667,7.666666666666667,24
Darkside Mining Syndicate,2.625,90.29166666666667,7.833333333333333,24
Metals Company,2.652173913043478,78.04347826086956,8.347826086956522,23
Allied Banks,2.260869565217391,86.26086956521739,8.173913043478262,23
Solar Storm,2.391304347826087,81.52173913043478,6.782608695652174,23
Darkside Meteor Bombardment,2.5454545454545454,83.18181818181819,7.2727272727272725,22
Economic Help,2.727272727272727,84.13636363636364,7.363636363636363,22
Social Events,2.3181818181818183,95.86363636363636,7.181818181818182,22
Darkside Incubation Plant,2.238095238095238,98.9047619047619,7.9523809523809526,21
Economic Espionage,2.0476190476190474,88.19047619047619,7.0476190476190474,21
Thorium Rush,2.5714285714285716,84.42857142857143,7.142857142857143,21
Deep Lunar Mining,2.5714285714285716,87.61904761904762,7.904761904761905,21
Mare Nectaris Mine,2.7142857142857144,81.42857142857143,7.714285714285714,21
Luna Project Office,2.619047619047619,92.52380952380952,8.047619047619047,21
Mare Nubium Mine,2.0476190476190474,90.95238095238095,7.380952380952381,21
UNMI Contractor,2.0476190476190474,88.0952380952381,8.142857142857142,21
Hydrogen Processing Plant,2.5714285714285716,75.47619047619048,6.666666666666667,21
Lunar Industry Complex,2.5,93.7,7.7,20
Luna Mining Hub,2.2,99.2,7.85,20
Underground Detonators,2.65,89.65,7.8,20
Lunar Observation Post,2.210526315789474,97.47368421052632,8.0,19
Moon Tether,1.9473684210526316,103.10526315789474,8.263157894736842,19
Lunar Trade Fleet,2.3157894736842106,91.42105263157895,7.894736842105263,19
Orbital Construction Yard,2.6315789473684212,79.3157894736842,7.894736842105263,19
Self-Sufficient Settlement,2.4444444444444446,80.77777777777777,7.944444444444445,18
Mining Robots Manuf. Center,2.611111111111111,89.22222222222223,7.833333333333333,18
Donation,2.0555555555555554,86.33333333333333,7.222222222222222,18
Last Resort Ingenuity,2.4444444444444446,86.05555555555556,6.833333333333333,18
Mare Imbrium Mine,2.111111111111111,89.0,7.611111111111111,18
Luna Senate,2.2222222222222223,100.77777777777777,8.0,18
Luna Trade Station,2.3333333333333335,98.61111111111111,7.666666666666667,18
Acquired Space Agency,2.3529411764705883,84.11764705882354,7.705882352941177,17
Colonist Shuttles,3.2941176470588234,76.47058823529412,7.647058823529412,17
Habitat 14,2.411764705882353,85.23529411764706,7.294117647058823,17
Pride of the Earth Arkship,2.6470588235294117,86.6470588235294,8.176470588235293,17
Aquifer Turbines,2.1875,74.1875,7.25,16
Luna Staging Station,2.25,95.0,7.75,16
Agro-Drones,2.75,77.25,7.0,16
Tycho Road Network,2.375,95.1875,7.8125,16
Io Research Outpost,2.5,82.0625,8.25,16
Galilean Mining,2.5,86.3125,8.0,16
Geodesic Tents,2.2666666666666666,92.06666666666666,7.333333333333333,15
Lunar Dust Processing Plant,2.6666666666666665,93.2,7.733333333333333,15
Aristarchus Road Network,2.6,87.06666666666666,7.666666666666667,15
Mare Serenitatis Mine,1.5333333333333334,106.66666666666667,7.8,15
Early Settlement,2.6,74.66666666666667,7.666666666666667,15
Supplier,2.642857142857143,75.07142857142857,6.785714285714286,14
Sinus Iridium Road Network,2.642857142857143,91.85714285714286,7.357142857142857,14
Ozone Generators,2.357142857142857,87.0,7.928571428571429,14
Momentum Virium Habitat,2.357142857142857,96.14285714285714,8.428571428571429,14
Grand Luna Academy,2.857142857142857,88.5,7.928571428571429,14
Luna Archives,2.142857142857143,92.0,7.928571428571429,14
Mining Operations,2.769230769230769,72.76923076923077,7.923076923076923,13
Luna Conference,2.6153846153846154,82.23076923076923,7.0,13
Experimental Forest,2.0,88.61538461538461,8.0,13
Heliostat Mirror Array,2.25,92.66666666666667,8.166666666666666,12
HE3 Lobbyists,2.3333333333333335,84.58333333333333,7.5,12
Heavy Duty Rovers,1.75,114.25,8.0,12
Solarpedia,1.9166666666666667,94.75,7.0,12
Power Generation,2.75,71.66666666666667,7.666666666666667,12
AI Controlled Mine Network,2.5833333333333335,86.33333333333333,7.333333333333333,12
Martian Industries,2.4166666666666665,73.83333333333333,7.5,12
Processor Factory,2.5833333333333335,95.5,8.083333333333334,12
The Womb,2.727272727272727,84.36363636363636,7.818181818181818,11
Water Treatment Complex,2.8181818181818183,88.54545454545455,7.2727272727272725,11
Darkside Observatory,1.8181818181818181,107.45454545454545,8.0,11
Sphere Habitats,3.0,93.72727272727273,8.636363636363637,11
Archimedes Hydroponics Station,3.090909090909091,78.54545454545455,8.454545454545455,11
Copernicus Solar Arrays,2.2,102.3,7.7,10
Nitrogenrich Comet,2.8,76.0,7.4,10
Great Aquifer,3.0,79.4,7.8,10
HE3 Fusion Plant,2.8,98.6,8.4,10
Eccentric Sponsor,2.4,83.1,7.2,10
Biofuels,2.2,85.7,9.0,10
Iron Extraction Center,3.5,89.8,8.9,10
Algae Bioreactors,3.0,78.6,7.5,10
Nitrate Reducers,2.2,85.5,7.0,10
Titanium Extraction Center,2.4,95.4,8.0,10
Accumulated Knowledge,2.6,73.3,7.1,10
Copernicus Tower,2.0,106.9,8.3,10
Solar Panel Foundry,2.3,103.3,8.1,10
Luna Train Station,2.5,91.8,7.4,10
L.T.F. Headquarters,2.5,92.0,7.9,10
Lunar Mine Urbanization,2.3,80.8,6.9,10
New Colony Planning Initiaitives,2.111111111111111,102.11111111111111,7.888888888888889,9
Vital Colony,3.3333333333333335,67.11111111111111,6.888888888888889,9
Improved Moon Concrete,2.6666666666666665,79.11111111111111,7.555555555555555,9
Undermoon Drug Lords Network,2.888888888888889,74.22222222222223,7.333333333333333,9
Metal-Rich Asteroid,1.7777777777777777,83.33333333333333,6.555555555555555,9
Rust Eating Bacteria,2.888888888888889,73.88888888888889,7.0,9
Biolab,2.6666666666666665,86.44444444444444,8.333333333333334,9
Loan,2.5,78.25,6.875,8
Society Support,2.625,69.625,8.875,8
Aerospace Mission,2.875,76.25,7.875,8
Syndicate Pirate Raids,2.142857142857143,101.28571428571429,8.285714285714286,7
"Staging Station ""Behemoth""",3.4285714285714284,82.71428571428571,7.857142857142857,7
Starcore Plunter,2.5714285714285716,78.14285714285714,7.571428571428571,7
Rover Drivers Union,3.0,88.42857142857143,8.285714285714286,7
Dome Farming,2.7142857142857144,78.57142857142857,7.428571428571429,7
Huge Asteroid,2.0,77.71428571428571,7.428571428571429,7
Martian Embassy,3.142857142857143,94.14285714285714,7.857142857142857,7
Subterranean Habitats,3.2857142857142856,73.57142857142857,7.142857142857143,7
Luna Political Institute,3.1666666666666665,62.166666666666664,6.833333333333333,6
Venus First,2.5,73.16666666666667,7.166666666666667,6
Cosmic Radiation,2.6666666666666665,99.33333333333333,8.166666666666666,6
Earth Embassy,2.3333333333333335,88.33333333333333,7.5,6
Mooncrate Block Factory,2.3333333333333335,108.16666666666667,8.833333333333334,6
Nitrogen Shipment,2.4,76.8,8.8,5
Steel Market Monopolists,3.0,75.0,8.2,5
Titanium Market Monopolists,1.8,103.2,8.8,5
Supply Drop,2.0,75.2,6.8,5
Off-World City Living,2.2,105.4,7.6,5
Polar Industries,2.4,73.8,6.8,5
Research Grant,2.0,90.5,8.0,4
Ecology Experts,2.5,83.75,7.5,4
L.T.F. Privileges,2.5,93.25,8.75,4
By-Election,3.0,68.0,7.0,4
Hypersensitive Silicon Chip Factory,2.25,81.25,8.25,4
Mohole,2.0,68.5,7.0,4
HE3 Production Quotas,3.3333333333333335,74.33333333333333,6.333333333333333,3
Orbital Power Grid,2.6666666666666665,78.0,6.666666666666667,3
Biosphere Support,2.6666666666666665,74.66666666666667,7.0,3
Microsingularity Plant,1.3333333333333333,118.0,9.0,3
Mohole Excavation,1.3333333333333333,82.66666666666667,7.0,3
Research Grant:Pathfinders,3.6666666666666665,71.33333333333333,6.666666666666667,3
Smelting Plant,1.3333333333333333,75.0,6.666666666666667,3
Trade Advance,3.5,71.5,6.5,2
Revolting Colonists,2.0,123.5,8.5,2
COÂ² Reducers,3.0,58.5,6.0,2
An Offer You Can't Refuse,3.5,78.0,6.5,2
Political Uprising,3.5,80.5,7.5,2
Lunar Security Stations,2.5,79.0,8.5,2
Design Company,2.0,98.5,7.5,2
Mooncrate Convoys To Mars,2.5,87.0,6.5,2
Luna Ecumenopolis,2.0,87.5,7.0,2
Personal Agenda,1.0,78.0,6.0,1
Strategic Base Planning,3.0,86.0,7.0,1
We Grow As One,3.0,90.0,9.0,1
Executive Order,1.0,58.0,5.0,1
Core Mine,2.0,79.0,6.0,1
Declaration of Independence,4.0,76.0,7.0,1
