,Unnamed: 0,user_id,first_corp,first_rank,first_time,create_no,total_games,favorite_corp,fa_corp_times,fa_corp_rank,most_freq_play_time,avg_rank,avg_gens,highest_corp,highest_score,highest_gens,played_day,most_date,most_date_times,play_times_sort,gens_sort,terra_sort,highest_sort,bayes_rank,rank_sort,baye_avg,max_corp
296,296,‰πôÊú®,Manutech,3.0,2020-08-31 15:05:21,17.0,400.0,Point Luna,32.0,2.4375,23.0,2.2625,8.035,Chaos,225.0,10.0,196.0,2021-04-11 00:00:00,5.0,2,130,84,1,2.214146341463415,184,2.445945945945946,0
282,282,ÂåÜÂåÜ,Factorum (breakthrough),4.0,2020-11-07 13:45:03,131.0,78.0,Point Luna,8.0,1.75,23.0,2.5128205128205128,8.179487179487179,Terralabs Research (breakthrough),220.0,13.0,46.0,2020-11-08 00:00:00,3.0,24,120,94,2,2.2590909090909093,190,2.0384615384615383,1
295,295,ÈíùÈíù,Saturn Systems,4.0,2020-08-31 15:05:21,59.0,323.0,Point Luna,22.0,2.1818181818181817,23.0,2.021671826625387,7.575851393188855,Trade Navigator,208.0,8.0,193.0,2021-04-25 00:00:00,6.0,3,180,34,3,1.9693693693693688,167,2.240740740740741,0
268,268,È£éÈ£é,Pobolog (breakthrough),4.0,2021-01-12 23:22:03,109.0,44.0,Vitor,7.0,2.2857142857142856,21.0,2.0,8.0,Vitor,193.0,10.0,42.0,2021-04-07 00:00:00,3.0,35,136,68,4,1.6814814814814814,137,2.375,0
245,245,kino,Point Luna,4.0,2020-08-31 15:05:21,1.0,25.0,Point Luna,4.0,2.0,23.0,1.88,8.8,Inventrix (breakthrough),184.0,12.0,8.0,2020-08-31 00:00:00,1.0,60,65,149,5,1.4228571428571428,122,2.2777777777777777,0
261,261,Â∞èz,Aridor,4.0,2020-08-31 15:05:21,70.0,37.0,Poseidon,4.0,2.0,21.0,2.081081081081081,8.108108108108109,Point Luna,174.0,9.0,32.0,2020-10-23 00:00:00,2.0,43,124,90,6,1.6978723404255318,141,2.2777777777777777,0
147,147,xu,Point Luna,2.0,2020-12-17 22:33:11,1099.0,3.0,Point Luna,2.0,1.5,13.0,1.6666666666666667,9.0,Point Luna,172.0,9.0,3.0,2020-12-17 00:00:00,1.0,165,54,164,7,0.6,20,2.2142857142857144,0
265,265,ÊñáÁîü,Lakefront Resorts,1.0,2020-10-06 17:10:48,7.0,41.0,Valley Trust (breakthrough),4.0,1.75,23.0,1.6341463414634143,8.097560975609756,Valley Trust (breakthrough),168.0,11.0,33.0,2020-12-05 00:00:00,6.0,38,125,89,8,1.3686274509803917,117,2.1666666666666665,1
280,280,Â∞èÈ∫¶,Pharmacy Union,2.0,2020-11-06 18:00:38,702.0,200.0,Point Luna,12.0,2.75,13.0,2.51,7.46,Trade Navigator,163.0,8.0,133.0,2021-05-04 00:00:00,4.0,5,189,25,9,2.4038095238095236,200,2.676470588235294,0
286,286,Ê≥∞‰ºØ,Factorum (breakthrough),4.0,2021-01-08 00:34:34,281.0,119.0,Point Luna,10.0,2.7,23.0,2.571428571428572,8.025210084033613,UNMI (breakthrough),163.0,10.0,60.0,2021-01-08 00:00:00,4.0,13,131,83,10,2.3937984496124036,199,2.6333333333333333,0
206,206,üê¥ r,Philares,4.0,2021-04-06 21:46:37,612.0,11.0,Poseidon,2.0,1.5,21.0,2.0,8.272727272727273,Manutech,158.0,10.0,10.0,2021-05-23 00:00:00,2.0,91,104,110,11,1.180952380952381,99,2.2142857142857144,0
182,182,fklmgj,Helion,3.0,2021-01-04 18:55:50,63.0,7.0,Point Luna,2.0,2.5,0.0,2.142857142857143,9.857142857142858,PhoboLog,157.0,13.0,7.0,2021-01-04 00:00:00,1.0,111,18,196,12,1.0470588235294118,88,2.5,0
285,285,ryan,Point Luna,2.0,2020-08-31 15:05:21,55.0,124.0,Point Luna,16.0,1.9375,23.0,2.411290322580645,8.25,Point Luna,155.0,10.0,70.0,2021-05-13 00:00:00,3.0,12,112,102,13,2.2522388059701495,188,2.0714285714285716,0
201,201,gxz,Tharsis Republic,1.0,2021-05-23 23:20:18,867.0,9.0,Aridor,1.0,1.0,23.0,2.2222222222222223,9.0,Teractor (breakthrough),154.0,9.0,9.0,2021-05-23 00:00:00,1.0,101,58,168,14,1.2,102,2.25,1
294,294,Êó†ËØ≠,Teractor (breakthrough),2.0,2020-08-31 15:05:21,21.0,180.0,Point Luna,21.0,2.238095238095238,23.0,2.566666666666667,8.583333333333334,Poseidon,154.0,9.0,46.0,2021-04-27 00:00:00,3.0,7,75,139,15,2.4463157894736844,205,2.2884615384615383,0
289,289,Ë•øÁìú,Mining guild (breakthrough),4.0,2020-08-31 15:05:21,781.0,107.0,Manutech,15.0,2.066666666666667,23.0,2.02803738317757,8.009345794392523,Manutech,154.0,9.0,51.0,2021-05-11 00:00:00,3.0,15,134,80,16,1.8786324786324786,156,2.175,0
270,270,ÂõßÂõßÊâì‰∫∫,Aridor,1.0,2021-02-20 16:14:40,295.0,172.0,UNMI (breakthrough),10.0,1.7,13.0,2.0,7.168604651162791,Arklight (breakthrough),153.0,9.0,124.0,2021-04-25 00:00:00,3.0,10,198,16,17,1.9054945054945056,159,1.9666666666666666,0
269,269,ÊñπËä≥,Poseidon,4.0,2020-08-31 15:05:21,46.0,45.0,Poseidon,6.0,2.6666666666666665,13.0,2.2222222222222223,8.066666666666666,Vitor,153.0,11.0,39.0,2020-11-16 00:00:00,2.0,33,128,86,18,1.8690909090909091,153,2.590909090909091,0
231,231,catcher1234,Inventrix (breakthrough),3.0,2021-04-29 17:42:04,681.0,90.0,Manutech,10.0,3.7,17.0,3.0444444444444443,6.833333333333333,Tharsis_republic (breakthrough),152.0,9.0,61.0,2021-06-11 00:00:00,3.0,17,206,8,19,2.7680000000000002,212,3.3,0
291,291,ender,Poseidon,4.0,2020-08-31 15:05:21,2.0,159.0,Manutech,11.0,1.6363636363636365,23.0,1.7672955974842768,7.446540880503145,Point Luna,151.0,9.0,94.0,2020-10-23 00:00:00,2.0,11,190,24,20,1.6792899408284023,136,1.90625,1
168,168,Ë∞¢ÂõΩÊòü,Lakefront Resorts,4.0,2021-07-04 21:04:21,1084.0,5.0,Inventrix,1.0,2.0,23.0,2.6,9.6,Project Workshop and ,151.0,11.0,5.0,2021-07-04 00:00:00,1.0,128,22,192,21,1.0533333333333335,90,2.4166666666666665,0
180,180,ÁéãÂ≠ê,Vitor,2.0,2021-03-31 17:46:15,1009.0,7.0,PhoboLog,2.0,3.0,0.0,2.142857142857143,9.0,Valley Trust,149.0,10.0,6.0,2021-05-16 00:00:00,2.0,116,43,154,22,1.0470588235294118,89,2.642857142857143,0
197,197,Âº†ËÄÄ‰∏ú,PhoboLog,1.0,2021-04-30 23:28:33,839.0,9.0,Ecoline (breakthrough),2.0,1.0,0.0,1.8888888888888888,8.222222222222221,Point Luna,148.0,9.0,9.0,2021-04-30 00:00:00,1.0,97,114,100,23,1.0421052631578949,87,2.0714285714285716,1
274,274,yukikaze,Chaos,4.0,2021-04-24 12:33:53,641.0,78.0,Point Luna,8.0,2.0,0.0,2.1538461538461537,7.628205128205129,Vitor,148.0,10.0,56.0,2021-05-06 00:00:00,4.0,25,176,38,24,1.9409090909090911,165,2.1923076923076925,0
293,293,ÈòøÂ∞î,UNMI (breakthrough),3.0,2021-02-25 17:35:16,294.0,174.0,Point Luna,15.0,2.466666666666667,14.0,2.431034482758621,7.344827586206897,Terralabs Research (breakthrough),147.0,8.0,99.0,2021-04-24 00:00:00,4.0,9,193,21,25,2.314130434782609,195,2.475,0
209,209,ghsap,MorningStar Inc (breakthrough),2.0,2021-06-11 02:21:03,919.0,10.0,Tharsis_republic (breakthrough),2.0,2.5,0.0,2.0,8.2,Point Luna and Robinson Industries (breakthrough),146.0,8.0,9.0,2021-07-02 00:00:00,2.0,92,118,97,26,1.1400000000000001,94,2.5,1
248,248,aipotu,Helion,3.0,2021-04-20 19:06:39,651.0,26.0,Ecoline (breakthrough),2.0,1.5,4.0,2.269230769230769,8.0,Pristar,145.0,11.0,19.0,2021-05-18 00:00:00,3.0,57,137,69,27,1.7166666666666666,143,2.2142857142857144,0
167,167,franklinchan,Septem Tribus,1.0,2020-08-31 15:05:21,5.0,323.0,Manutech,25.0,2.4,23.0,2.294117647058824,7.684210526315789,Id Front,144.0,9.0,184.0,2021-07-17 00:00:00,4.0,4,172,42,28,2.2336336336336338,185,2.4166666666666665,0
288,288,dwb,Factorum,4.0,2021-04-20 19:06:39,653.0,90.0,Manutech,5.0,2.2,19.0,2.533333333333333,7.588888888888889,Aristarchus,144.0,10.0,39.0,2021-05-08 00:00:00,5.0,18,179,35,29,2.3080000000000003,194,2.35,0
108,108,ÂìàÂ£´Â•á,Robinson Industries,3.0,2021-07-26 16:33:43,1196.0,3.0,EcoLine,1.0,3.0,16.0,2.333333333333333,11.666666666666666,Point Luna and ,143.0,13.0,3.0,2021-07-26 00:00:00,1.0,154,1,213,30,0.7538461538461537,54,2.5833333333333335,0
246,246,ÂõæÊãâÂ•ó,Point Luna,2.0,2020-10-19 21:33:34,3.0,26.0,Inventrix (breakthrough),5.0,2.0,23.0,1.807692307692308,8.5,Poseidon,143.0,10.0,22.0,2020-12-05 00:00:00,3.0,59,85,133,31,1.3833333333333335,119,2.25,1
207,207,tamaki,Inventrix (breakthrough),2.0,2021-04-30 13:15:23,356.0,10.0,Terralabs Research (breakthrough),2.0,3.0,14.0,2.4,7.7,Celestic (breakthrough),142.0,10.0,8.0,2021-05-07 00:00:00,2.0,94,170,44,32,1.34,112,2.642857142857143,0
45,45,g.c,Saturn Systems,1.0,2021-02-21 16:25:08,97.0,2.0,Celestic (breakthrough),1.0,2.0,14.0,1.5,8.5,Saturn Systems,141.0,9.0,2.0,2021-02-21 00:00:00,1.0,211,83,135,33,0.48333333333333334,5,2.4166666666666665,0
226,226,827717358,Saturn Systems,3.0,2021-05-31 16:14:28,862.0,15.0,Septem Tribus,2.0,1.5,12.0,2.8,7.066666666666666,Aristarchus,140.0,9.0,12.0,2021-06-17 00:00:00,3.0,74,200,14,34,1.7919999999999998,147,2.2142857142857144,1
238,238,12345,Robinson Industries (breakthrough),4.0,2021-02-23 14:04:50,132.0,19.0,Celestic (breakthrough),3.0,2.333333333333333,15.0,2.631578947368421,8.368421052631579,Valley Trust (breakthrough),140.0,8.0,16.0,2021-03-24 00:00:00,2.0,66,94,119,35,1.8206896551724134,150,2.4375,0
225,225,misaki,Pharmacy Union,4.0,2020-08-31 15:05:21,4.0,432.0,Mining guild (breakthrough),32.0,1.96875,23.0,2.037037037037037,7.828703703703703,Point Luna,138.0,10.0,202.0,2021-03-21 00:00:00,5.0,1,161,53,36,1.9972850678733034,169,2.0405405405405403,0
194,194,ÂèåÂ≠ê,Valley Trust,1.0,2021-05-31 02:00:35,901.0,8.0,Mining Guild,2.0,3.0,2.0,2.5,9.625,Manutech,138.0,9.0,7.0,2021-06-01 00:00:00,2.0,104,21,193,37,1.2666666666666666,108,2.642857142857143,0
290,290,ddxy,Point Luna,3.0,2020-08-31 15:05:21,135.0,184.0,Point Luna,14.0,2.642857142857143,23.0,2.3043478260869565,7.4021739130434785,Chaos,137.0,8.0,112.0,2021-03-18 00:00:00,5.0,6,192,22,38,2.2,183,2.6052631578947367,0
262,262,Â∞èÈªë,Pobolog (breakthrough),3.0,2020-10-06 23:53:49,91.0,38.0,Lakefront Resorts,4.0,2.0,23.0,2.6052631578947367,8.368421052631579,Manutech,137.0,10.0,24.0,2020-10-09 00:00:00,2.0,42,95,120,39,2.120833333333333,177,2.2777777777777777,1
273,273,Á±≥È•≠,Point Luna,1.0,2020-08-31 15:05:21,26.0,48.0,Point Luna,9.0,2.4444444444444446,23.0,2.770833333333333,8.375,Valley Trust (breakthrough),136.0,10.0,11.0,2020-09-10 00:00:00,2.0,31,93,121,40,2.341379310344828,198,2.4642857142857144,0
227,227,‰πùÊñπË†°,Terralabs Research (breakthrough),4.0,2021-03-09 22:42:51,261.0,83.0,Mining guild (breakthrough),5.0,1.4,23.0,2.409638554216868,7.662650602409639,Inventrix (breakthrough),136.0,9.0,54.0,2021-03-17 00:00:00,3.0,20,175,39,41,2.1806451612903235,180,1.95,1
219,219,Êú®Á§∫,Valley Trust (breakthrough),3.0,2021-03-10 23:19:03,567.0,12.0,Point Luna,2.0,2.5,23.0,3.083333333333333,8.333333333333334,Robinson Industries (breakthrough),135.0,10.0,9.0,2021-06-24 00:00:00,3.0,86,99,115,42,1.8090909090909089,149,2.5,0
258,258,ÊãâÊôÆÊãâÊñØ,Factorum,4.0,2021-03-28 21:28:20,514.0,33.0,Point Luna,3.0,2.0,22.0,3.4242424242424243,7.848484848484849,Point Luna,134.0,10.0,30.0,2021-08-16 00:00:00,2.0,47,160,54,43,2.6930232558139533,209,2.3125,0
115,115,4tharticle,Mining Guild,4.0,2021-07-29 00:48:18,1258.0,3.0,Arklight,1.0,4.0,23.0,3.0,10.333333333333334,Saturn Systems and ,133.0,12.0,3.0,2021-07-29 00:00:00,1.0,145,12,202,44,0.9076923076923078,72,2.75,0
259,259,owl,Vitor,3.0,2020-08-31 15:05:21,16.0,35.0,Point Luna,5.0,2.2,0.0,2.342857142857143,8.4,Aristarchus,132.0,9.0,32.0,2021-05-17 00:00:00,2.0,45,92,122,45,1.8844444444444444,158,2.35,0
278,278,something,Thorgate (breakthrough),1.0,2020-08-31 15:05:21,10.0,79.0,Septem Tribus,7.0,3.142857142857143,23.0,3.0632911392405062,8.253164556962025,Playwrights,132.0,10.0,24.0,2020-08-31 00:00:00,7.0,22,105,109,46,2.750561797752809,211,2.875,0
224,224,haha,Point Luna,3.0,2021-05-05 02:12:02,412.0,14.0,Valley Trust (breakthrough),3.0,3.6666666666666665,17.0,3.071428571428572,7.571428571428571,Teractor (breakthrough),131.0,9.0,13.0,2021-05-23 00:00:00,2.0,75,182,32,47,1.9083333333333334,160,2.9375,0
64,64,yuexing,Point Luna,3.0,2020-09-06 16:47:35,823.0,72.0,Aridor,6.0,2.833333333333333,20.0,2.736111111111111,8.569444444444445,CrediCor,131.0,10.0,61.0,2020-10-07 00:00:00,2.0,26,78,136,48,2.4365853658536585,204,2.6818181818181817,0
281,281,huasong,Viron (breakthrough),3.0,2020-11-08 20:44:42,99.0,96.0,Teractor (breakthrough),8.0,2.75,0.0,2.7604166666666665,7.625,Septem Tribus,131.0,10.0,75.0,2020-12-12 00:00:00,4.0,16,177,37,49,2.526415094339623,206,2.6538461538461537,0
112,112,ÊöóÁøº,Poseidon,1.0,2021-05-16 04:24:46,581.0,3.0,Poseidon,2.0,1.0,3.0,1.3333333333333333,9.0,Poseidon,130.0,9.0,3.0,2021-05-16 00:00:00,1.0,147,46,157,50,0.5230769230769231,9,2.0714285714285716,0
164,164,silkroad,Saturn Systems,4.0,2021-06-13 20:14:57,963.0,5.0,Aridor,2.0,2.5,0.0,2.8,8.4,Aridor and MorningStar Inc (breakthrough),130.0,10.0,5.0,2021-06-13 00:00:00,1.0,127,90,124,51,1.12,92,2.5,0
266,266,aptx4869,Thorgate (breakthrough),2.0,2021-03-17 23:37:30,726.0,41.0,Poseidon,4.0,2.0,23.0,2.341463414634146,7.853658536585366,Septem Tribus,129.0,10.0,36.0,2021-05-27 00:00:00,2.0,37,159,55,52,1.9372549019607843,163,2.2777777777777777,0
250,250,Â∫ÑÁîü,StormCraft Incorporated (breakthrough),2.0,2020-10-27 17:59:20,18.0,27.0,Inventrix (breakthrough),3.0,2.333333333333333,23.0,2.555555555555556,8.962962962962964,Point Luna,129.0,10.0,5.0,2020-10-27 00:00:00,1.0,55,63,151,53,1.9405405405405405,164,2.4375,0
223,223,kriko,PhoboLog,4.0,2021-07-26 16:33:43,1192.0,14.0,Saturn Systems,2.0,2.5,14.0,2.9285714285714284,7.0,Vitor and ,128.0,7.0,9.0,2021-08-13 00:00:00,3.0,76,201,13,54,1.825,151,2.5,0
287,287,ÁÇπÁÇπ,Philares,2.0,2021-03-23 23:56:24,485.0,88.0,Point Luna,8.0,2.75,22.0,2.6704545454545454,8.022727272727273,Pobolog (breakthrough),128.0,9.0,69.0,2021-03-26 00:00:00,3.0,19,132,82,55,2.426530612244898,202,2.6538461538461537,0
199,199,Â∞ºÁ¶Ñ,CrediCor,1.0,2021-07-01 18:33:07,123.0,9.0,Point Luna,2.0,1.0,16.0,1.2222222222222223,7.444444444444445,Point Luna and Pobolog (breakthrough),128.0,9.0,9.0,2021-07-01 00:00:00,1.0,96,191,23,56,0.7263157894736842,38,2.0714285714285716,0
284,284,‰∏ÄÁõ¥,Valley Trust (breakthrough),2.0,2020-08-31 15:05:21,20.0,79.0,StormCraft Incorporated (breakthrough),9.0,2.333333333333333,23.0,2.6835443037974684,8.291139240506329,Aphrodite (breakthrough),128.0,10.0,35.0,2020-08-31 00:00:00,6.0,21,103,111,57,2.4134831460674158,201,2.392857142857143,1
272,272,‰Ω†Â•Ω,Celestic (breakthrough),3.0,2021-01-07 01:24:25,290.0,45.0,UNMI (breakthrough),6.0,2.5,14.0,2.555555555555556,7.8,Saturn Systems,128.0,9.0,30.0,2021-01-11 00:00:00,4.0,34,163,51,58,2.141818181818182,179,2.5,0
122,122,psycho,Mining Guild,3.0,2021-06-29 21:07:30,1080.0,3.0,Mining Guild,1.0,3.0,1.0,1.6666666666666667,10.666666666666666,Teractor and ,127.0,12.0,3.0,2021-06-29 00:00:00,1.0,155,5,209,59,0.6,19,2.5833333333333335,0
156,156,starry,Poseidon,2.0,2021-05-02 17:59:02,69.0,4.0,CrediCor,1.0,4.0,19.0,2.25,8.25,Tharsis_republic (breakthrough),127.0,10.0,4.0,2021-05-02 00:00:00,1.0,132,109,105,60,0.8428571428571429,65,2.75,0
276,276,Ê∞∏Ëøú,Helion (breakthrough),4.0,2021-03-17 23:37:30,58.0,53.0,MorningStar Inc (breakthrough),6.0,3.0,23.0,2.679245283018868,7.943396226415095,Inventrix (breakthrough),127.0,10.0,38.0,2021-03-23 00:00:00,3.0,29,149,65,61,2.298412698412699,192,2.772727272727273,0
279,279,‰∫åÁæä,Teractor (breakthrough),3.0,2020-08-31 15:05:21,79.0,68.0,Celestic (breakthrough),5.0,2.0,23.0,2.264705882352941,8.220588235294118,Vitor,126.0,10.0,13.0,2020-09-09 00:00:00,2.0,27,115,99,62,2.01025641025641,170,2.25,1
253,253,sayeah,Manutech,3.0,2021-07-11 19:08:10,1101.0,29.0,Lakefront Resorts,3.0,3.0,17.0,3.034482758620689,6.655172413793103,Poseidon and ,125.0,8.0,12.0,2021-07-18 00:00:00,4.0,52,208,6,63,2.328205128205128,197,2.6875,0
249,249,Ê°ÉÂ≠ê,Manutech,4.0,2020-12-05 23:59:29,767.0,27.0,Manutech,3.0,3.6666666666666665,0.0,2.888888888888889,8.0,Chaos,125.0,8.0,26.0,2021-05-05 00:00:00,2.0,56,139,71,64,2.1837837837837837,181,2.9375,0
230,230,ÈªÑÈ∏°,Poseidon,3.0,2020-08-31 15:05:21,33.0,32.0,Manutech,4.0,2.25,23.0,2.375,7.90625,Valley Trust (breakthrough),124.0,7.0,10.0,2020-08-31 00:00:00,7.0,49,151,63,65,1.8761904761904762,155,2.388888888888889,0
251,251,ËÄÅÁéã,Teractor (breakthrough),1.0,2020-08-31 15:05:21,1199.0,28.0,Vitor,3.0,1.6666666666666667,23.0,2.321428571428572,8.714285714285714,Stormcraft Incorporated,124.0,11.0,22.0,2020-12-05 00:00:00,7.0,54,66,148,66,1.7842105263157897,146,2.1875,1
256,256,starwolf,StormCraft Incorporated (breakthrough),4.0,2021-05-04 23:59:04,269.0,32.0,Inventrix (breakthrough),4.0,3.5,13.0,3.625,7.34375,Splice (breakthrough),124.0,9.0,26.0,2021-06-15 00:00:00,3.0,48,194,20,67,2.8285714285714283,213,2.9444444444444446,0
275,275,xixo,Point Luna,1.0,2021-03-26 13:41:06,483.0,50.0,Pobolog (breakthrough),6.0,1.6666666666666667,13.0,1.88,8.02,Manutech,124.0,10.0,43.0,2021-04-21 00:00:00,2.0,30,133,81,68,1.6133333333333333,134,2.0454545454545454,1
292,292,Â•∂Áâõ,Celestic (breakthrough),4.0,2020-11-11 23:36:53,83.0,177.0,Manutech,10.0,2.6,21.0,2.553672316384181,7.52542372881356,Point Luna,123.0,7.0,111.0,2021-04-04 00:00:00,6.0,8,183,31,69,2.4320855614973262,203,2.566666666666667,0
241,241,tanwu2000,Tharsis_republic (breakthrough),4.0,2021-05-05 02:12:02,614.0,20.0,Arklight (breakthrough),3.0,3.333333333333333,17.0,2.75,7.75,Interplanetary Cinematics (breakthrough),123.0,9.0,18.0,2021-05-23 00:00:00,2.0,65,168,46,70,1.9266666666666665,162,2.8125,0
244,244,Êó†ÊÉÖÁöÑÂëΩËøê,Pobolog (breakthrough),1.0,2021-03-17 23:37:30,436.0,23.0,Poseidon,3.0,2.0,0.0,2.391304347826087,8.043478260869565,Valley Trust (breakthrough),121.0,10.0,21.0,2021-05-02 00:00:00,2.0,61,129,85,71,1.7515151515151515,145,2.3125,0
243,243,Ê∞¥È¨º,Inventrix (breakthrough),3.0,2020-11-11 23:36:53,222.0,22.0,Saturn Systems,4.0,2.75,23.0,2.772727272727273,8.227272727272727,Point Luna,121.0,10.0,19.0,2020-12-05 00:00:00,4.0,62,113,101,72,1.9937500000000001,168,2.611111111111111,0
242,242,ÁëûÂá§,Valley Trust (breakthrough),2.0,2020-11-28 01:02:40,224.0,21.0,Manutech,4.0,3.25,23.0,3.1904761904761907,8.571428571428571,Valley Trust (breakthrough),120.0,10.0,11.0,2021-02-21 00:00:00,2.0,63,77,137,73,2.2516129032258063,187,2.8333333333333335,0
229,229,Â∞è‰∫îÁæä,Inventrix,3.0,2020-12-14 15:49:45,114.0,16.0,Saturn Systems,3.0,2.0,21.0,2.5625,7.8125,Manutech,120.0,8.0,14.0,2021-08-17 00:00:00,2.0,72,162,52,74,1.6846153846153844,138,2.3125,1
188,188,Â∫ÑÂ≠ê,Valley Trust,4.0,2020-12-05 23:59:27,118.0,8.0,Teractor (breakthrough),3.0,3.333333333333333,16.0,3.0,8.125,Teractor (breakthrough),120.0,8.0,7.0,2020-12-05 00:00:00,2.0,109,123,91,75,1.488888888888889,129,2.8125,0
267,267,È∫íÈ∫ü,Inventrix (breakthrough),3.0,2021-04-07 22:28:39,478.0,43.0,Manutech,6.0,2.6666666666666665,22.0,2.697674418604651,8.069767441860465,Point Luna,120.0,10.0,32.0,2021-04-19 00:00:00,3.0,36,127,87,76,2.241509433962264,186,2.590909090909091,0
33,33,ÁΩóÊàê,StormCraft Incorporated (breakthrough),3.0,2021-02-16 00:56:25,52.0,2.0,StormCraft Incorporated (breakthrough),1.0,3.0,0.0,2.0,11.0,Tharsis Republic,120.0,13.0,2.0,2021-02-16 00:00:00,1.0,174,3,211,77,0.5666666666666667,10,2.5833333333333335,0
235,235,ÂêüÊ∏∏ËØó‰∫∫,Recyclon (breakthrough),3.0,2021-03-09 21:41:21,357.0,39.0,Point Luna,3.0,4.0,13.0,2.58974358974359,7.948717948717949,StormCraft Incorporated (breakthrough),119.0,10.0,27.0,2021-04-13 00:00:00,3.0,41,148,66,78,2.1183673469387756,176,3.0625,0
127,127,r6y1717,Poseidon,1.0,2021-05-17 02:44:30,827.0,3.0,Celestic,1.0,4.0,2.0,3.0,10.0,Poseidon,119.0,10.0,3.0,2021-05-17 00:00:00,1.0,159,15,201,79,0.9076923076923078,73,2.75,0
263,263,cl,Valley Trust,3.0,2020-08-31 15:05:21,1060.0,39.0,Valley Trust,4.0,2.5,23.0,2.282051282051282,9.307692307692308,Terralabs Research,118.0,11.0,34.0,2020-08-31 00:00:00,3.0,40,36,178,80,1.873469387755102,154,2.5,0
254,254,Âê¨È£éËÅÜÈõ®,Valley Trust (breakthrough),3.0,2021-03-17 23:37:30,449.0,29.0,Poseidon,4.0,3.0,23.0,3.0,8.0,Pobolog (breakthrough),118.0,9.0,25.0,2021-06-18 00:00:00,2.0,51,142,74,81,2.3025641025641024,193,2.7222222222222223,0
271,271,jooe,Pharmacy Union,2.0,2021-04-19 22:57:42,647.0,45.0,Point Luna,6.0,3.0,19.0,2.4444444444444446,8.133333333333333,Polyphemos (breakthrough),118.0,10.0,33.0,2021-05-14 00:00:00,2.0,32,122,92,82,2.0509090909090912,171,2.772727272727273,0
211,211,wjyÂê¥Êâç,Teractor (breakthrough),4.0,2021-05-15 22:29:10,284.0,11.0,Pobolog (breakthrough),2.0,3.0,16.0,2.5454545454545454,8.636363636363637,Point Luna,117.0,9.0,11.0,2021-05-15 00:00:00,1.0,89,74,140,83,1.4666666666666668,128,2.642857142857143,0
260,260,00,Cheung Shing MARS,4.0,2021-05-10 23:41:27,836.0,35.0,Mining guild (breakthrough),3.0,2.333333333333333,4.0,3.2,7.742857142857143,Mining guild (breakthrough),116.0,9.0,24.0,2021-05-16 00:00:00,4.0,44,169,45,84,2.551111111111111,207,2.4375,0
247,247,wee0815,Point Luna,1.0,2021-04-13 20:12:31,395.0,26.0,Philares,3.0,1.3333333333333333,17.0,1.9615384615384612,7.6923076923076925,Polyphemos,116.0,10.0,23.0,2021-05-29 00:00:00,2.0,58,171,43,85,1.4944444444444442,131,2.0625,1
204,204,ÂÜ¨Â§ú‰∏∂,Celestic (breakthrough),4.0,2021-02-05 22:34:58,221.0,10.0,Arcadian Communities (breakthrough),1.0,2.0,22.0,3.4,8.4,Thorgate (breakthrough),116.0,10.0,9.0,2021-02-21 00:00:00,2.0,95,89,125,86,1.8399999999999999,152,2.4166666666666665,1
68,68,ÂÅâÂ§ßÁ©∫‰Ω¨,Point Luna,4.0,2021-07-06 00:43:33,818.0,2.0,Point Luna,1.0,4.0,0.0,3.0,9.0,Poseidon and Junk Ventures,115.0,9.0,2.0,2021-07-06 00:00:00,1.0,205,45,156,87,0.7333333333333334,40,2.75,0
233,233,ÊéåÊüúÁöÑÊù•‰∫Ü,CrediCor,3.0,2021-06-24 22:20:26,987.0,17.0,Labour Union,2.0,1.0,23.0,1.6470588235294117,9.470588235294118,Celestic and ,115.0,12.0,16.0,2021-07-03 00:00:00,2.0,70,31,183,88,1.1407407407407408,95,2.0714285714285716,1
236,236,17826818782,CrediCor,1.0,2021-06-14 16:35:14,941.0,18.0,Junk Ventures,2.0,2.0,23.0,1.8888888888888888,9.38888888888889,Celestic (breakthrough) and ,114.0,11.0,17.0,2021-07-03 00:00:00,2.0,69,33,181,89,1.3142857142857143,111,2.357142857142857,1
155,155,jd,Tharsis Republic,2.0,2020-11-29 23:54:23,85.0,4.0,Inventrix (breakthrough),1.0,3.0,23.0,2.5,9.75,Thorgate (breakthrough),114.0,10.0,4.0,2020-11-29 00:00:00,1.0,139,19,195,90,0.9142857142857144,76,2.5833333333333335,0
208,208,Â∞èÈü≥,Poseidon,4.0,2021-05-31 02:00:35,908.0,10.0,Chaos,1.0,1.0,0.0,1.6,9.6,Thorgate,114.0,12.0,9.0,2021-06-01 00:00:00,2.0,93,23,191,91,0.9400000000000001,78,2.25,1
283,283,‰πêÂ§ö,Inventrix (breakthrough),2.0,2020-10-05 23:24:11,81.0,78.0,Celestic (breakthrough),6.0,2.833333333333333,17.0,2.435897435897436,7.884615384615385,Teractor (breakthrough),114.0,9.0,51.0,2021-02-23 00:00:00,3.0,23,154,60,92,2.1909090909090914,182,2.6818181818181817,0
114,114,hehe,Vitor,1.0,2021-05-03 13:31:41,923.0,3.0,Poseidon,1.0,1.0,13.0,1.6666666666666667,9.0,Vitor,114.0,9.0,3.0,2021-05-03 00:00:00,1.0,146,48,159,93,0.6,16,2.25,0
220,220,‰∏ÄÁÅØ,Recyclon (breakthrough),4.0,2021-03-01 17:34:58,275.0,13.0,Id Front,2.0,3.0,16.0,2.8461538461538463,8.461538461538462,UNMI (breakthrough),114.0,9.0,13.0,2021-03-01 00:00:00,1.0,80,87,127,94,1.7304347826086954,144,2.642857142857143,0
264,264,È£ûÈ±º,Labour Union,1.0,2021-05-10 15:41:43,794.0,40.0,Mining guild (breakthrough),4.0,1.75,0.0,2.55,7.875,Pobolog (breakthrough),113.0,9.0,19.0,2021-05-14 00:00:00,5.0,39,156,57,95,2.096,174,2.1666666666666665,0
170,170,ÁâßÊÆá,MorningStar Inc (breakthrough),4.0,2021-04-30 23:30:29,297.0,5.0,MorningStar Inc (breakthrough),2.0,3.0,16.0,2.4,8.2,MorningStar Inc (breakthrough),112.0,8.0,5.0,2021-04-30 00:00:00,1.0,130,117,96,96,0.9866666666666667,85,2.642857142857143,0
277,277,Ê©ôÂ≠ê,Inventrix (breakthrough),3.0,2020-08-31 15:05:21,19.0,54.0,Teractor (breakthrough),8.0,2.75,23.0,3.1666666666666665,8.648148148148149,Philares,112.0,10.0,8.0,2020-09-10 00:00:00,1.0,28,73,141,97,2.715625,210,2.6538461538461537,0
142,142,1012k,Point Luna,2.0,2021-08-04 21:21:00,283.0,3.0,Aphrodite (breakthrough),1.0,2.0,0.0,2.333333333333333,8.0,Id Front and UNMI (breakthrough),112.0,9.0,3.0,2021-08-04 00:00:00,1.0,166,140,72,98,0.7538461538461537,52,2.4166666666666665,1
212,212,joe,Pharmacy Union,1.0,2021-06-21 23:43:42,1030.0,11.0,Saturn Systems,2.0,3.0,12.0,1.9090909090909087,8.0,Pharmacy Union and ,112.0,9.0,9.0,2021-06-22 00:00:00,2.0,88,135,67,99,1.1333333333333333,93,2.642857142857143,0
257,257,Á´•ËØù,Point Luna,3.0,2021-03-23 23:56:24,76.0,33.0,Aridor,3.0,2.6666666666666665,13.0,3.363636363636364,8.181818181818182,Vitor,111.0,10.0,27.0,2021-03-26 00:00:00,2.0,46,119,95,100,2.646511627906977,208,2.5625,0
193,193,mosquito,Cheung Shing MARS,3.0,2020-11-21 21:40:59,77.0,114.0,UNMI (breakthrough),7.0,1.5714285714285714,13.0,2.429824561403509,7.87719298245614,Splice (breakthrough),111.0,11.0,87.0,2021-04-12 00:00:00,3.0,14,155,59,101,2.2564516129032257,189,1.9583333333333333,1
255,255,Âï¶Âï¶Âï¶,Inventrix (breakthrough),4.0,2021-05-28 17:34:56,876.0,30.0,Thorgate (breakthrough),5.0,3.8,22.0,3.0,7.9,Vitor,110.0,9.0,26.0,2021-08-18 00:00:00,2.0,50,152,62,102,2.32,196,3.15,0
252,252,nafarian,Agricola Inc,2.0,2021-06-20 20:54:26,1061.0,28.0,Trade Navigator,2.0,3.0,22.0,3.0,6.892857142857143,Id Front and Tharsis_republic (breakthrough),109.0,8.0,24.0,2021-06-29 00:00:00,2.0,53,204,10,103,2.2842105263157895,191,2.642857142857143,0
100,100,kk,Teractor,2.0,2021-04-10 19:13:58,934.0,2.0,Poseidon,1.0,2.0,13.0,2.0,9.5,Poseidon,109.0,9.0,2.0,2021-04-10 00:00:00,1.0,198,29,188,104,0.5666666666666667,14,2.4166666666666665,0
240,240,Ê∑±Êµ∑ÁöÑËææ‰∏çÊ∫ú,Saturn Systems,1.0,2021-05-29 03:00:41,859.0,20.0,Inventrix (breakthrough),3.0,4.0,0.0,2.95,8.4,Teractor (breakthrough),109.0,9.0,13.0,2021-05-29 00:00:00,3.0,64,91,123,105,2.06,172,3.0625,0
192,192,ËÄÅÈÇ±,WG Parternship,3.0,2021-03-26 23:22:00,538.0,8.0,Ecoline (breakthrough),2.0,2.5,13.0,2.875,8.0,Ecoline (breakthrough),108.0,9.0,7.0,2021-04-19 00:00:00,2.0,106,147,77,106,1.4333333333333333,126,2.5,0
237,237,jequirity,EcoLine,2.0,2020-12-19 17:57:12,287.0,18.0,Tharsis Republic,3.0,1.6666666666666667,21.0,2.5,8.333333333333334,Poseidon,108.0,9.0,15.0,2021-02-26 00:00:00,3.0,68,102,112,107,1.707142857142857,142,2.1875,1
191,191,wenxionglam,MorningStar Inc (breakthrough),4.0,2021-05-03 19:35:18,510.0,8.0,Poseidon,2.0,3.5,18.0,2.75,8.25,Poseidon,108.0,10.0,8.0,2021-05-03 00:00:00,1.0,107,110,104,108,1.3777777777777778,118,2.7857142857142856,0
109,109,Áª¥Â∞ºÁÜä,Factorum (breakthrough),4.0,2021-07-22 17:14:23,1211.0,3.0,Curiosity II,1.0,2.0,0.0,3.333333333333333,8.333333333333334,Lakefront Resorts and Polyphemos (breakthrough),107.0,9.0,3.0,2021-07-22 00:00:00,1.0,153,98,116,109,0.9846153846153847,82,2.4166666666666665,1
172,172,È¢úÂøóÁÇ´,Recyclon,4.0,2021-04-30 23:28:33,650.0,6.0,Teractor (breakthrough),2.0,1.5,0.0,2.6666666666666665,9.0,Teractor (breakthrough),107.0,9.0,6.0,2021-04-30 00:00:00,1.0,122,41,152,110,1.175,98,2.2142857142857144,1
146,146,Â∞è‰ºÅÈπÖ,MorningStar Inc (breakthrough),1.0,2021-07-05 20:40:56,66.0,3.0,CrediCor,2.0,2.0,0.0,1.6666666666666667,7.666666666666667,CrediCor and Chaos,106.0,9.0,3.0,2021-07-05 00:00:00,1.0,163,174,41,111,0.6,22,2.357142857142857,1
195,195,toutou,Thorgate (breakthrough),3.0,2021-04-26 01:44:11,675.0,8.0,Inventrix (breakthrough),1.0,1.0,1.0,2.25,7.75,Inventrix (breakthrough),106.0,9.0,5.0,2021-04-26 00:00:00,3.0,103,166,48,112,1.1555555555555557,97,2.25,1
203,203,ÂîØÊÖï,Teractor,3.0,2021-04-15 21:20:06,1056.0,14.0,Poseidon,2.0,2.5,21.0,2.642857142857143,8.214285714285714,CrediCor,105.0,10.0,12.0,2021-05-10 00:00:00,2.0,77,116,98,113,1.6583333333333332,135,2.5,0
141,141,michaelis200,MorningStar Inc (breakthrough),2.0,2021-06-11 01:16:58,899.0,3.0,MorningStar Inc (breakthrough),1.0,2.0,0.0,2.333333333333333,8.333333333333334,MorningStar Inc (breakthrough) and ,105.0,9.0,3.0,2021-06-11 00:00:00,1.0,167,97,117,114,0.7538461538461537,51,2.4166666666666665,1
239,239,2397541142,Teractor,3.0,2021-06-14 16:35:14,942.0,19.0,Mining Guild,2.0,2.5,23.0,3.1052631578947367,9.36842105263158,Mining Guild and ,104.0,12.0,18.0,2021-07-03 00:00:00,2.0,67,34,180,115,2.1310344827586207,178,2.5,0
88,88,Âèã‰∫∫,Vitor,4.0,2020-12-05 23:59:27,11.0,2.0,Manutech,1.0,2.0,23.0,3.0,9.0,Manutech,104.0,10.0,1.0,2020-12-05 00:00:00,2.0,199,51,173,116,0.7333333333333334,43,2.4166666666666665,0
13,13,ss,Mining guild (breakthrough),1.0,2020-12-17 22:33:11,94.0,2.0,Celestic (breakthrough),1.0,1.0,13.0,1.0,9.0,Mining guild (breakthrough),103.0,9.0,2.0,2020-12-17 00:00:00,1.0,186,52,163,117,0.39999999999999997,3,2.25,1
221,221,Èõ™Ê´ª,Poseidon,3.0,2021-05-23 23:49:04,841.0,13.0,Brotherhood of Mutants,2.0,2.5,23.0,2.769230769230769,6.6923076923076925,Brotherhood of Mutants,102.0,7.0,10.0,2021-07-01 00:00:00,3.0,79,207,7,118,1.6869565217391302,140,2.5,1
217,217,489326240,Helion,4.0,2021-07-03 17:50:06,985.0,12.0,Pobolog (breakthrough),2.0,2.5,16.0,3.083333333333333,9.416666666666666,Inventrix (breakthrough) and ,102.0,10.0,12.0,2021-07-03 00:00:00,1.0,87,32,182,119,1.8090909090909089,148,2.5,0
106,106,deng,Teractor,3.0,2020-12-05 23:59:27,398.0,2.0,Arcadian Communities,1.0,2.0,23.0,2.5,10.5,Teractor,102.0,12.0,1.0,2020-12-05 00:00:00,2.0,195,6,208,120,0.65,31,2.4166666666666665,1
215,215,daxinge,Astrodrill,2.0,2021-04-20 19:06:39,646.0,12.0,Astrodrill,2.0,2.5,16.0,2.5,8.25,Teractor (breakthrough),102.0,9.0,11.0,2021-05-12 00:00:00,2.0,81,111,103,121,1.4909090909090907,130,2.5,1
10,10,ernest,PhoboLog,1.0,2021-02-08 00:01:33,226.0,2.0,PhoboLog,1.0,1.0,0.0,2.5,9.0,PhoboLog,101.0,10.0,2.0,2021-02-08 00:00:00,1.0,188,47,158,122,0.65,32,2.25,1
175,175,ÊÄùÈîê,Pharmacy Union,4.0,2020-11-10 15:38:12,708.0,6.0,Aphrodite (breakthrough),1.0,2.0,0.0,2.833333333333333,7.166666666666667,Point Luna,100.0,9.0,6.0,2020-11-10 00:00:00,1.0,123,199,15,123,1.2375,106,2.4166666666666665,1
198,198,ÈòøÁãóÈîÑÂ§ßÂú∞,Robinson Industries (breakthrough),1.0,2021-05-15 13:41:54,101.0,9.0,Point Luna,2.0,3.0,12.0,2.555555555555556,7.888888888888889,Brotherhood of Mutants,100.0,6.0,8.0,2021-05-24 00:00:00,2.0,98,153,61,124,1.3578947368421055,116,2.642857142857143,0
111,111,Â∞Å‰∫ëÂè∞,Thorgate,4.0,2021-04-30 22:14:09,718.0,3.0,PhoboLog,1.0,1.0,0.0,2.0,10.666666666666666,Septem Tribus,100.0,11.0,3.0,2021-04-30 00:00:00,1.0,151,4,210,125,0.676923076923077,36,2.25,1
183,183,ÂÜ≤Èîã,Poseidon,1.0,2020-12-05 23:59:26,14.0,7.0,Poseidon,3.0,1.3333333333333333,23.0,1.5714285714285714,9.142857142857142,Pristar,100.0,10.0,1.0,2020-12-05 00:00:00,7.0,117,40,174,126,0.8117647058823529,58,2.0625,1
200,200,È≠èËâØ,Factorum,1.0,2021-06-25 17:41:21,933.0,9.0,Point Luna,2.0,2.5,23.0,2.4444444444444446,7.777777777777778,Viron and Cheung Shing MARS,100.0,9.0,9.0,2021-06-25 00:00:00,1.0,100,165,49,127,1.305263157894737,109,2.5,0
187,187,jrj,Thorgate,2.0,2021-02-10 21:19:45,303.0,7.0,Arklight,1.0,4.0,17.0,2.571428571428572,8.142857142857142,Point Luna,100.0,10.0,7.0,2021-02-10 00:00:00,1.0,121,121,93,128,1.2235294117647062,104,2.75,0
216,216,jack,Factorum,2.0,2021-02-28 15:00:04,996.0,12.0,Celestic (breakthrough),1.0,4.0,14.0,2.1666666666666665,8.916666666666666,Robinson Industries,99.0,10.0,12.0,2021-02-28 00:00:00,1.0,84,64,150,129,1.309090909090909,110,2.75,0
83,83,ÂÆâÈÄ∏,Saturn Systems,1.0,2021-03-31 17:46:15,1233.0,2.0,Inventrix,1.0,1.0,1.0,1.0,9.0,Inventrix,99.0,9.0,2.0,2021-03-31 00:00:00,1.0,202,61,171,130,0.39999999999999997,4,2.25,1
186,186,ÂÜ∞Á∫¢Ëå∂ÁúüÂ•ΩÂñù,Mining Guild,4.0,2021-01-04 18:55:50,90.0,7.0,Celestic,1.0,2.0,0.0,2.857142857142857,9.857142857142858,Celestic,98.0,13.0,7.0,2021-01-04 00:00:00,1.0,120,17,197,131,1.3411764705882354,113,2.4166666666666665,0
107,107,ldxbr,Celestic (breakthrough),1.0,2021-05-10 00:22:16,452.0,3.0,Celestic (breakthrough),1.0,1.0,0.0,1.6666666666666667,8.0,Polyphemos (breakthrough),98.0,8.0,3.0,2021-05-10 00:00:00,1.0,156,138,70,132,0.6,21,2.25,1
165,165,wu,United Nations Mars Initiative,3.0,2021-02-25 22:11:09,975.0,5.0,United Nations Mars Initiative,2.0,2.5,22.0,1.6,10.0,Valley Trust,96.0,10.0,5.0,2021-02-25 00:00:00,1.0,126,14,198,133,0.7200000000000001,37,2.5,1
105,105,zxapdh,Saturn Systems,4.0,2020-12-05 23:59:26,8.0,2.0,Philares,1.0,1.0,0.0,2.5,9.0,Philares,95.0,9.0,2.0,2020-12-05 00:00:00,1.0,196,62,172,134,0.65,33,2.25,0
47,47,boxness,Tharsis Republic,3.0,2021-06-20 23:15:05,404.0,2.0,Teractor,1.0,2.0,22.0,2.5,9.0,Teractor and ,94.0,10.0,2.0,2021-06-20 00:00:00,1.0,209,49,160,135,0.65,30,2.4166666666666665,1
24,24,Èõ∂ÁÇπ,EcoLine,2.0,2021-07-15 01:00:26,1122.0,2.0,EcoLine,1.0,2.0,0.0,2.0,9.5,Vitor and ,94.0,9.0,2.0,2021-07-15 00:00:00,1.0,183,25,186,136,0.5666666666666667,13,2.4166666666666665,0
117,117,ÂæΩÂ∞ë,Mining Guild,1.0,2020-10-20 23:52:59,48.0,3.0,Mining Guild,1.0,1.0,22.0,2.333333333333333,8.666666666666666,Mining Guild,94.0,10.0,3.0,2020-10-20 00:00:00,1.0,148,71,143,137,0.7538461538461537,53,2.25,1
139,139,Á¥´ËãëÂØ∫Êó†ËâØ,Cheung Shing MARS,1.0,2021-05-10 01:23:45,756.0,3.0,Cheung Shing MARS,1.0,1.0,1.0,1.6666666666666667,8.333333333333334,Cheung Shing MARS,94.0,9.0,3.0,2021-05-10 00:00:00,1.0,169,96,118,138,0.6,17,2.25,1
120,120,howard514,Thorgate,1.0,2021-06-15 21:53:08,228.0,3.0,Saturn Systems,2.0,2.5,21.0,2.0,8.333333333333334,Saturn Systems and ,93.0,9.0,3.0,2021-06-15 00:00:00,1.0,157,101,113,139,0.676923076923077,35,2.5,0
138,138,flyingfish,Pobolog (breakthrough),2.0,2021-04-21 19:34:38,654.0,3.0,Mining guild (breakthrough),1.0,2.0,1.0,1.6666666666666667,9.0,Saturn Systems,92.0,10.0,3.0,2021-04-21 00:00:00,1.0,161,50,161,140,0.6,15,2.4166666666666665,0
57,57,invokercat,Factorum,1.0,2021-07-26 16:33:43,668.0,2.0,Factorum,1.0,1.0,16.0,1.0,8.0,Factorum and ,92.0,9.0,2.0,2021-07-26 00:00:00,1.0,207,146,76,141,0.39999999999999997,1,2.25,1
162,162,van,Interplanetary Cinematics,4.0,2020-10-30 00:19:47,80.0,4.0,Factorum,1.0,4.0,23.0,3.5,9.25,Point Luna,92.0,10.0,4.0,2020-10-30 00:00:00,1.0,134,38,176,142,1.2,101,2.75,0
179,179,ËçÜÊ£òÂÆàÊä§,Philares,3.0,2021-08-10 17:38:09,1311.0,7.0,Philares,2.0,3.5,14.0,3.0,6.857142857142857,Brotherhood of Mutants and UNMI (breakthrough),92.0,9.0,6.0,2021-08-14 00:00:00,2.0,110,205,9,143,1.4000000000000001,120,2.7857142857142856,0
189,189,È∏ΩÂ≠ê,Celestic,4.0,2021-02-19 02:48:50,282.0,8.0,Celestic,1.0,4.0,16.0,2.875,7.25,UNMI (breakthrough),91.0,8.0,7.0,2021-02-22 00:00:00,2.0,108,197,17,144,1.4333333333333333,124,2.75,0
185,185,zyd,Helion,1.0,2021-04-20 00:34:19,814.0,7.0,EcoLine,1.0,1.0,0.0,1.5714285714285714,9.285714285714286,Robinson Industries,90.0,10.0,6.0,2021-05-08 00:00:00,2.0,119,37,177,145,0.8117647058823529,57,2.25,1
177,177,automuen,Tharsis Republic,1.0,2021-01-04 18:55:50,92.0,7.0,Manutech,2.0,3.0,1.0,2.571428571428572,10.0,Tharsis Republic,90.0,10.0,7.0,2021-01-04 00:00:00,1.0,113,16,200,146,1.2235294117647062,105,2.642857142857143,0
210,210,bluelingb,Pharmacy Union,4.0,2021-05-02 00:24:34,130.0,11.0,Ecoline (breakthrough),2.0,3.0,0.0,3.4545454545454546,8.090909090909092,Ecoline (breakthrough),90.0,9.0,11.0,2021-05-02 00:00:00,1.0,90,126,88,147,1.9428571428571426,166,2.642857142857143,0
190,190,apex,Pobolog (breakthrough),4.0,2021-05-15 01:46:27,810.0,8.0,Point Luna,2.0,1.5,0.0,2.25,7.875,Pharmacy Union,90.0,8.0,8.0,2021-05-15 00:00:00,1.0,105,157,58,148,1.1555555555555557,96,2.2142857142857144,0
232,232,wms,Mining Guild,3.0,2021-04-20 00:34:19,642.0,16.0,Pobolog (breakthrough),2.0,3.0,0.0,2.9375,8.6875,Ecoline (breakthrough),89.0,9.0,14.0,2021-05-08 00:00:00,2.0,71,67,147,149,1.9153846153846152,161,2.642857142857143,0
29,29,‰∏á‰∏àÂçÉÊòé,Philares,1.0,2021-05-13 23:22:58,494.0,2.0,Philares,1.0,1.0,0.0,1.0,9.0,Philares,89.0,9.0,2.0,2021-05-13 00:00:00,1.0,178,57,167,150,0.39999999999999997,2,2.25,0
171,171,‰∏çÊ≥ØÁêÜÂøµ,Celestic (breakthrough),4.0,2021-01-01 21:37:01,112.0,5.0,Celestic (breakthrough),1.0,4.0,1.0,3.2,7.6,Saturn Systems,89.0,8.0,5.0,2021-01-01 00:00:00,1.0,131,178,36,151,1.2533333333333334,107,2.75,0
12,12,yk,Vitor,2.0,2021-05-17 22:10:44,792.0,2.0,Valley Trust,1.0,1.0,22.0,1.5,9.5,Valley Trust,88.0,10.0,2.0,2021-05-17 00:00:00,1.0,187,28,187,152,0.48333333333333334,7,2.25,1
218,218,Â§©‰Ωø,Viron (breakthrough),2.0,2020-11-22 00:10:42,9.0,12.0,Lakefront Resorts,2.0,2.5,23.0,2.0,6.583333333333333,Point Luna,88.0,7.0,11.0,2021-07-22 00:00:00,2.0,85,209,5,153,1.2181818181818183,103,2.5,0
157,157,bulez00,Helion,2.0,2021-06-29 21:07:30,1079.0,4.0,Helion,2.0,2.5,1.0,2.0,10.5,Helion and ,87.0,12.0,4.0,2021-06-29 00:00:00,1.0,138,7,207,154,0.7714285714285715,55,2.5,1
74,74,mocca,Point Luna,4.0,2021-07-15 23:23:33,1078.0,2.0,EcoLine,1.0,4.0,1.0,4.0,11.0,EcoLine and ,87.0,12.0,2.0,2021-07-15 00:00:00,1.0,204,2,212,155,0.9,67,2.75,0
222,222,qfy,Helion,3.0,2021-02-10 21:19:45,260.0,13.0,Cheung Shing MARS,2.0,3.0,16.0,2.769230769230769,7.923076923076923,Celestic,87.0,10.0,13.0,2021-02-10 00:00:00,1.0,78,150,64,156,1.6869565217391302,139,2.642857142857143,0
143,143,ËØ∑Âè´ÊàëÂ†áËÄÅÂ∏à,Saturn Systems,1.0,2021-05-06 23:57:00,745.0,3.0,Point Luna,1.0,1.0,1.0,1.3333333333333333,8.666666666666666,Saturn Systems,87.0,8.0,3.0,2021-05-06 00:00:00,1.0,160,69,145,157,0.5230769230769231,8,2.25,0
8,8,laola,Valley Trust,4.0,2021-05-01 20:52:13,361.0,2.0,Valley Trust,1.0,4.0,20.0,2.5,8.0,Viron,86.0,9.0,2.0,2021-05-01 00:00:00,1.0,191,144,73,158,0.65,27,2.75,0
42,42,ÂåÖÂ≠ê,Point Luna,2.0,2021-04-11 01:16:19,854.0,2.0,Point Luna,1.0,2.0,1.0,2.5,9.0,Point Luna,86.0,10.0,2.0,2021-04-11 00:00:00,1.0,192,42,153,159,0.65,34,2.4166666666666665,0
148,148,steamriki,Mining Guild,4.0,2021-05-06 23:57:00,754.0,3.0,Celestic,1.0,1.0,1.0,2.6666666666666665,8.666666666666666,Celestic,85.0,9.0,3.0,2021-05-06 00:00:00,1.0,162,70,144,160,0.8307692307692308,61,2.25,1
173,173,zbj,PhoboLog,2.0,2021-04-20 00:34:19,649.0,6.0,Inventrix,3.0,2.6666666666666665,0.0,2.1666666666666665,9.5,Inventrix,85.0,10.0,5.0,2021-05-08 00:00:00,2.0,125,26,185,161,0.9875,86,2.5625,0
85,85,rohana,Septem Tribus,4.0,2021-05-05 21:08:40,597.0,2.0,Septem Tribus,1.0,4.0,13.0,3.0,7.5,Teractor (breakthrough),85.0,8.0,2.0,2021-05-05 00:00:00,1.0,201,184,27,162,0.7333333333333334,39,2.75,0
196,196,Êù≠Áùø,Arklight,2.0,2021-01-04 18:55:50,102.0,8.0,Arklight,1.0,2.0,0.0,2.875,9.75,Stormcraft Incorporated,85.0,13.0,8.0,2021-01-04 00:00:00,1.0,102,20,194,163,1.4333333333333333,125,2.4166666666666665,1
110,110,Áå´Áå´,Point Luna,2.0,2021-05-05 01:33:53,1006.0,3.0,Aridor,1.0,4.0,0.0,3.333333333333333,9.333333333333334,Point Luna,84.0,9.0,3.0,2021-05-05 00:00:00,1.0,152,35,179,164,0.9846153846153847,79,2.75,0
205,205,üçÅ,United Nations Mars Initiative,3.0,2021-04-06 21:46:37,1109.0,2.0,United Nations Mars Initiative,2.0,3.0,21.0,3.0,10.5,United Nations Mars Initiative,84.0,11.0,2.0,2021-04-06 00:00:00,1.0,194,11,203,165,0.7333333333333334,41,2.642857142857143,0
87,87,Â∞èÊô∫,Curiosity II,3.0,2021-06-17 15:34:08,924.0,2.0,Curiosity II,1.0,3.0,0.0,3.5,9.5,Curiosity II and ,82.0,10.0,2.0,2021-06-17 00:00:00,1.0,200,27,190,166,0.8166666666666668,59,2.5833333333333335,0
79,79,26,Tharsis_republic (breakthrough),4.0,2021-04-25 14:26:36,672.0,2.0,Teractor (breakthrough),1.0,4.0,2.0,4.0,8.5,Teractor (breakthrough),82.0,9.0,2.0,2021-04-25 00:00:00,1.0,203,79,131,167,0.9,70,2.75,0
181,181,ÊôìÈªë,Point Luna,4.0,2020-12-03 00:12:36,115.0,7.0,Astrodrill,2.0,4.0,0.0,3.4285714285714284,7.857142857142857,Manutech,82.0,8.0,7.0,2020-12-03 00:00:00,1.0,115,158,56,168,1.576470588235294,132,2.9285714285714284,0
213,213,ÊÑüËßâÊó†Âèå,Pobolog (breakthrough),4.0,2021-03-04 21:07:56,285.0,12.0,Pobolog (breakthrough),3.0,3.6666666666666665,21.0,3.583333333333333,8.416666666666666,Saturn Systems,82.0,9.0,11.0,2021-04-06 00:00:00,2.0,82,88,126,169,2.0818181818181816,173,2.9375,0
160,160,Êó†ÂêçÁöÑÈ∏ΩÂ≠ê,Philares,4.0,2021-02-18 20:04:04,273.0,4.0,Lakefront Resorts,1.0,2.0,16.0,3.5,9.0,Terralabs Research (breakthrough),82.0,10.0,3.0,2021-02-21 00:00:00,2.0,136,55,165,170,1.2,100,2.4166666666666665,0
214,214,zzx,United Nations Mars Initiative,1.0,2021-02-10 21:19:45,590.0,12.0,Ecoline (breakthrough),2.0,2.5,16.0,2.6666666666666665,7.75,Helion,81.0,10.0,12.0,2021-02-10 00:00:00,1.0,83,167,47,171,1.5818181818181818,133,2.5,0
178,178,quill,Pobolog (breakthrough),4.0,2021-04-16 17:43:36,458.0,7.0,Factorum (breakthrough),2.0,3.0,0.0,2.857142857142857,7.0,Tharsis_republic (breakthrough),81.0,8.0,7.0,2021-04-16 00:00:00,1.0,114,203,11,172,1.3411764705882354,114,2.642857142857143,0
184,184,tsukikage,Arcadian Communities,1.0,2021-04-20 19:06:39,632.0,7.0,Thorgate (breakthrough),2.0,3.5,1.0,3.0,8.571428571428571,Arcadian Communities,81.0,10.0,6.0,2021-05-04 00:00:00,2.0,118,76,138,173,1.4000000000000001,121,2.7857142857142856,0
153,153,ddd,Vitor,3.0,2020-12-05 23:59:27,37.0,4.0,Inventrix,1.0,2.0,23.0,2.75,9.25,Teractor,81.0,10.0,3.0,2020-12-05 00:00:00,2.0,141,39,175,174,0.9857142857142858,83,2.4166666666666665,0
39,39,‰∏ÄÂàÄ‰∏Ä‰∏™ÁâõÂ§¥‰∫∫,Tharsis Republic,2.0,2021-04-30 22:14:09,714.0,2.0,Helion,1.0,4.0,0.0,3.0,10.5,Tharsis Republic,80.0,10.0,2.0,2021-04-30 00:00:00,1.0,190,10,204,175,0.7333333333333334,42,2.75,0
34,34,peace,Saturn Systems,3.0,2021-04-30 22:14:09,719.0,2.0,Saturn Systems,1.0,3.0,0.0,2.5,10.5,Saturn Systems,80.0,10.0,2.0,2021-04-30 00:00:00,1.0,173,8,206,176,0.65,23,2.5833333333333335,0
151,151,naixin,Teractor,4.0,2021-03-27 12:52:23,41.0,4.0,Factorum,1.0,2.0,20.0,2.5,8.25,Factorum,80.0,9.0,3.0,2021-03-27 00:00:00,2.0,143,106,108,177,0.9142857142857144,75,2.4166666666666665,0
145,145,183454241,Inventrix,2.0,2021-05-06 23:57:00,750.0,3.0,Inventrix,1.0,2.0,1.0,2.6666666666666665,8.666666666666666,Robinson Industries,80.0,9.0,3.0,2021-05-06 00:00:00,1.0,158,72,142,178,0.8307692307692308,63,2.4166666666666665,0
30,30,ÊúâÊ≤°ÊúâÂèØËÉΩÊòØ‰Ω†‰ª¨ËèúÂë¢,PhoboLog,1.0,2021-07-23 23:48:14,1069.0,2.0,PhoboLog,1.0,1.0,1.0,2.5,8.5,Tharsis Republic and ,79.0,10.0,2.0,2021-07-23 00:00:00,1.0,177,81,129,179,0.65,24,2.25,1
32,32,hong,Junk Ventures,2.0,2021-03-19 03:08:02,420.0,2.0,Junk Ventures,1.0,2.0,3.0,2.5,8.5,Junk Ventures,78.0,9.0,2.0,2021-03-19 00:00:00,1.0,175,82,130,180,0.65,25,2.4166666666666665,0
44,44,ccl,Point Luna,2.0,2021-03-23 21:37:29,259.0,2.0,Point Luna,1.0,2.0,21.0,3.0,8.0,Point Luna,78.0,8.0,2.0,2021-03-23 00:00:00,1.0,212,145,79,181,0.7333333333333334,44,2.4166666666666665,0
14,14,shishen,Astrodrill,3.0,2021-05-13 23:22:58,800.0,2.0,Astrodrill,1.0,3.0,0.0,2.5,9.0,Astrodrill,78.0,9.0,2.0,2021-05-13 00:00:00,1.0,185,53,162,182,0.65,28,2.5833333333333335,0
161,161,cloream,Saturn Systems,2.0,2020-10-20 23:52:59,47.0,4.0,Factorum,1.0,4.0,22.0,2.5,8.5,Saturn Systems,78.0,10.0,4.0,2020-10-20 00:00:00,1.0,135,86,134,183,0.9142857142857144,77,2.75,0
166,166,piaoling,Midas,4.0,2021-08-12 18:30:06,1334.0,5.0,Valley Trust (breakthrough),2.0,2.5,16.0,2.8,7.8,Astrodrill and Helion (breakthrough),78.0,9.0,5.0,2021-08-12 00:00:00,1.0,129,164,50,184,1.12,91,2.5,0
46,46,xq,Vitor,4.0,2021-06-30 15:35:45,1076.0,2.0,Saturn Systems,1.0,2.0,15.0,3.0,9.5,Saturn Systems and ,77.0,10.0,2.0,2021-06-30 00:00:00,1.0,210,24,184,185,0.7333333333333334,47,2.4166666666666665,0
43,43,769991388,EcoLine,2.0,2020-12-05 23:59:29,29.0,2.0,EcoLine,1.0,2.0,22.0,1.5,9.0,Viron,77.0,9.0,2.0,2020-12-05 00:00:00,1.0,193,60,170,186,0.48333333333333334,6,2.4166666666666665,0
202,202,joker,Pobolog (breakthrough),4.0,2021-05-24 16:21:16,953.0,9.0,Poseidon,2.0,4.0,14.0,3.6666666666666665,7.333333333333333,Lakefront Resorts,77.0,9.0,8.0,2021-05-31 00:00:00,2.0,99,196,18,187,1.8842105263157893,157,2.9285714285714284,0
234,234,amadeus,Point Luna,4.0,2021-07-11 22:05:43,1108.0,16.0,Point Luna,2.0,4.0,22.0,3.25,6.375,Utopia Invest and UNMI (breakthrough),77.0,7.0,10.0,2021-07-15 00:00:00,3.0,73,211,3,188,2.1076923076923078,175,2.9285714285714284,0
101,101,francis,Celestic (breakthrough),3.0,2021-05-06 13:34:26,689.0,2.0,Aphrodite (breakthrough),1.0,3.0,13.0,3.0,8.0,Aphrodite (breakthrough),76.0,8.0,2.0,2021-05-06 00:00:00,1.0,197,143,75,189,0.7333333333333334,48,2.5833333333333335,0
154,154,1962142767,Point Luna,4.0,2021-07-08 18:47:59,1132.0,4.0,Incite Ender,1.0,4.0,14.0,4.0,7.0,Pobolog (breakthrough) and Curiosity II,75.0,7.0,4.0,2021-07-08 00:00:00,1.0,140,202,12,190,1.342857142857143,115,2.75,0
67,67,ÈØäÈ≠ö,Saturn Systems,1.0,2021-05-17 05:27:56,820.0,2.0,Robinson Industries,1.0,4.0,5.0,2.5,9.5,Saturn Systems,75.0,10.0,2.0,2021-05-17 00:00:00,1.0,206,30,189,191,0.65,26,2.75,0
38,38,ÈæôÊó•Â§©,Mining Guild,3.0,2021-05-13 00:22:56,527.0,2.0,Mining Guild,1.0,3.0,0.0,2.0,8.5,Tharsis Republic,75.0,8.0,2.0,2021-05-13 00:00:00,1.0,170,84,132,192,0.5666666666666667,12,2.5833333333333335,0
163,163,1609884203,Aristarchus,2.0,2021-06-11 18:23:24,811.0,4.0,Aristarchus,1.0,2.0,18.0,2.0,7.5,UNMI (breakthrough) and Ecoline (breakthrough),75.0,7.0,4.0,2021-06-11 00:00:00,1.0,133,188,29,193,0.7714285714285715,56,2.4166666666666665,1
31,31,dr,Tharsis Republic,3.0,2021-03-26 20:50:53,498.0,2.0,Tharsis Republic,2.0,3.0,20.0,3.0,10.5,Tharsis Republic,74.0,11.0,2.0,2021-03-26 00:00:00,1.0,176,9,205,194,0.7333333333333334,46,2.642857142857143,0
176,176,zk2910889,CrediCor,4.0,2021-03-17 00:22:28,396.0,7.0,Helion (breakthrough),3.0,3.6666666666666665,22.0,3.142857142857143,7.571428571428571,Helion (breakthrough),74.0,8.0,6.0,2021-03-19 00:00:00,2.0,112,181,33,195,1.4588235294117649,127,2.9375,0
174,174,faywei,Poseidon,3.0,2020-10-31 02:54:54,74.0,6.0,Inventrix (breakthrough),1.0,4.0,15.0,3.333333333333333,7.666666666666667,Poseidon,72.0,8.0,6.0,2020-10-31 00:00:00,1.0,124,173,40,196,1.425,123,2.75,0
113,113,ËôéËôéËôé,Factorum (breakthrough),4.0,2020-11-01 22:54:10,43.0,3.0,Aphrodite (breakthrough),1.0,3.0,0.0,3.333333333333333,8.333333333333334,Aphrodite (breakthrough),71.0,9.0,3.0,2020-11-01 00:00:00,1.0,149,100,114,197,0.9846153846153847,80,2.5833333333333335,0
27,27,crlr,Mons Insurance,4.0,2021-05-10 01:23:45,774.0,2.0,Astrodrill,1.0,3.0,1.0,3.5,9.0,Astrodrill,71.0,9.0,2.0,2021-05-10 00:00:00,1.0,171,59,169,198,0.8166666666666668,60,2.5833333333333335,0
149,149,sanduo,Saturn Systems,1.0,2021-03-27 12:52:23,360.0,4.0,Pharmacy Union,1.0,2.0,20.0,2.25,8.25,Valley Trust,71.0,9.0,3.0,2021-03-27 00:00:00,2.0,144,108,106,199,0.8428571428571429,64,2.4166666666666665,1
22,22,eie,Viron,2.0,2021-05-10 01:23:45,766.0,2.0,Valley Trust (breakthrough),1.0,4.0,1.0,3.0,9.0,Viron,71.0,9.0,2.0,2021-05-10 00:00:00,1.0,180,56,166,200,0.7333333333333334,50,2.75,0
152,152,biaodi,Factorum,3.0,2021-03-27 12:52:23,421.0,4.0,Tharsis Republic,2.0,2.0,20.0,2.5,8.25,Saturn Systems,70.0,9.0,3.0,2021-03-27 00:00:00,2.0,142,107,107,201,0.9142857142857144,74,2.357142857142857,0
119,119,black_uuz,United Nations Mission One,2.0,2021-05-01 22:27:26,229.0,3.0,Point Luna,1.0,1.0,22.0,1.6666666666666667,7.333333333333333,Point Luna,70.0,7.0,3.0,2021-05-01 00:00:00,1.0,150,195,19,202,0.6,18,2.25,0
23,23,lala,Mining Guild,2.0,2021-03-27 12:52:23,471.0,2.0,Mining Guild,1.0,2.0,12.0,3.0,8.5,Pharmacy Union,69.0,9.0,1.0,2021-03-27 00:00:00,2.0,184,80,128,203,0.7333333333333334,49,2.4166666666666665,0
28,28,xiaomo,United Nations Mars Initiative,4.0,2021-06-20 02:13:47,1012.0,2.0,EcoLine,1.0,1.0,2.0,2.5,7.5,EcoLine and ,68.0,8.0,2.0,2021-06-20 00:00:00,1.0,179,185,28,204,0.65,29,2.25,1
53,53,zhangcheng,Point Luna,4.0,2021-04-30 13:15:23,633.0,2.0,Mining guild (breakthrough),1.0,4.0,3.0,4.0,6.5,Point Luna,67.0,8.0,2.0,2021-04-30 00:00:00,1.0,208,210,4,205,0.9,68,2.75,0
41,41,‰∏ùÂ∑æ,Vitor,4.0,2020-10-20 23:52:59,51.0,2.0,Tharsis_republic (breakthrough),1.0,4.0,23.0,4.0,9.0,Vitor,66.0,10.0,2.0,2020-10-20 00:00:00,1.0,189,44,155,206,0.9,71,2.75,0
140,140,yddyqjd,Point Luna,3.0,2020-11-03 22:09:17,50.0,3.0,Cheung Shing MARS,1.0,2.0,22.0,2.6666666666666665,8.0,Philares,66.0,8.0,3.0,2020-11-03 00:00:00,1.0,168,141,78,207,0.8307692307692308,62,2.4166666666666665,0
158,158,Êü¥ÈÉ°Áå´,Mining guild (breakthrough),1.0,2021-06-17 22:09:19,964.0,4.0,Mining guild (breakthrough),2.0,2.5,1.0,2.75,6.0,Mining guild (breakthrough) and Tharsis_republic (breakthrough),65.0,6.0,4.0,2021-06-17 00:00:00,1.0,137,212,2,208,0.9857142857142858,84,2.5,0
26,26,lxlx,PhoboLog,1.0,2021-06-20 00:55:34,1014.0,2.0,Cheung Shing MARS,1.0,3.0,0.0,2.0,7.5,PhoboLog and ,64.0,8.0,1.0,2021-06-20 00:00:00,2.0,181,187,30,209,0.5666666666666667,11,2.5833333333333335,0
7,7,flagalac,Robinson Industries,4.0,2021-07-15 00:57:01,1121.0,2.0,Poseidon,1.0,4.0,0.0,4.0,10.0,Poseidon and ,54.0,10.0,1.0,2021-07-15 00:00:00,2.0,213,13,199,210,0.9,69,2.75,0
144,144,ËÉ°ÂÆáÂΩ¨,Mining Guild,4.0,2021-06-14 16:35:14,983.0,3.0,Mining Guild,1.0,4.0,23.0,3.333333333333333,8.666666666666666,Thorgate and ,53.0,9.0,2.0,2021-06-14 00:00:00,2.0,164,68,146,211,0.9846153846153847,81,2.75,0
37,37,blake,Teractor (breakthrough),4.0,2020-12-09 20:19:41,84.0,2.0,Recyclon (breakthrough),1.0,4.0,13.0,4.0,7.5,Recyclon (breakthrough),50.0,7.0,2.0,2020-12-09 00:00:00,1.0,172,186,26,212,0.9,66,2.75,0
25,25,wapian,Arklight (breakthrough),4.0,2021-06-23 19:11:21,1019.0,2.0,Arklight (breakthrough),1.0,4.0,19.0,3.0,5.5,Manutech and Curiosity II,46.0,6.0,1.0,2021-06-23 00:00:00,2.0,182,213,1,213,0.7333333333333334,45,2.75,0
